Inversion_Redes_USD;Ventas_Miles_Unidades
1935,25;101,07
4758,5;265,03
3686,77;208,7
3033,43;186,04
864,49;51,36
864,37;63,73
384,61;18,76
4344,26;247,74
3045,46;180,06
3569,56;205,91
200,86;30,07
4852,56;268,85
4178,97;253,01
1140,46;72,75
990,94;71,63
998,68;53,64
1590,79;86,52
2671,31;155,03
2216,53;147,39
1527,02;92,51
3098,08;171,37
783,52;53,07
1531,51;88,55
1895,17;119,18
2334,74;114,28
3947,36;236,58
1078,4;63,94
2619,75;161,82
3002,83;151,09
327,61;46,41
3076,97;183,93
935,57;72,54
418,75;26,02
4749,54;261,22
4831,6;243,83
4061,15;219,27
1592,61;115,07
578,59;60,88
3452,74;192,86
2256,75;118,22
697,99;64,58
2526,37;146,61
268,5;-1,38
4555,67;259,52
1368,02;88,04
3346,36;205,35
1627,38;84,94
2648,33;104,77
2778,88;163,13
1005,79;74,66
4850,96;237,19
3898,15;200,23
4703,54;296,51
4484,65;239,65
3029,71;182,45
4617,18;241,1
533,61;15,33
1060,32;70,46
321,61;32,1
1694,12;98,71
2004,52;118,51
1429,61;95,44
4160,81;225,79
1848,09;93,44
1476,58;101,12
2759,21;128,72
790,53;28,77
4030,77;232,63
465,3;50,87
4935,75;265,93
3884;193,27
1073,71;63,07
127,06;22,41
4095,76;200,85
3563,6;187,09
3672,14;213,39
3879,22;235,37
462,82;36,85
1856,48;124,17
667,76;24,68
4329,21;246,35
3154,16;165,65
1721,4;110,68
411,44;36,86
1623,81;121
1693,4;91,55
3675,07;213,17
3224,03;177,01
4447,34;239,99
2413,85;137,93
686,01;41,62
3594,9;199,53
3827,85;210,45
2850,26;166,13
3877,74;215,15
2519,6;157,95
2661,39;166,92
2194,95;113,99
224,55;44,26
628,67;33,64
254;41,52
3218,41;190,22
1640,34;73,35
2592;150,99
4547,08;240,33
1321,53;74,7
2110,88;145,81
3802,2;200,3
1221,11;68,96
477,2;45
1519,78;106,27
889,98;62,37
4655,52;270,27
4059,79;230,95
3203,68;147,51
4370,16;230,57
4037,99;213,47
1014,19;77,9
4473,54;204,3
2742,78;195,37
4056,46;230,79
4490,85;246,78
1658,22;120,63
639,25;87,12
1216,88;93,91
2192,83;143,87
4108,27;227,37
4317,58;233,76
134,07;19,57
2602,66;137,74
2145,31;116,96
1188,33;59,16
687,34;53,23
1754,31;82,45
4720,26;258,88
1683,69;103,64
2642,07;154,31
3544,79;189,41
1881,79;160,24
4861,73;283,49
4815,99;242,13
1333,73;90,18
2536,52;137,71
1574,3;83,5
1495,72;74,68
280,75;40,52
3086,87;164,12
2563,13;162,67
352,25;52,52
1465,37;113,88
4550,5;234,74
1273,85;90,82
809,98;69,99
2498,32;137,8
4929,69;254,91
1286,07;108,45
3393,46;193,09
3831,94;221,14
1264,42;70,89
3668,26;185,12
1902,14;106,57
3198,3;178,05
3204,3;164,25
2725,3;156,12
542,42;21,79
4192,98;212,85
1671,82;113,65
1013,94;79,75
299,8;29,11
2995,38;154,5
3420,07;175,59
181,28;23,46
2609,26;160,13
1209,83;94,42
3261,35;175,62
954,4;50,42
3485,59;198,3
1995;107,4
4689,98;246,73
773,85;78,57
1771,23;120,97
656,02;55,17
4631;232,47
4398,96;243,12
1363,91;104,14
3333,92;181,06
4104,39;245,49
2820,48;180,42
2695,29;179,72
1285,08;88,83
556,2;56,62
4496,36;266,03
4512,05;252,31
3202,2;172,59
1761,25;101,33
1811,13;114,13
3657,18;183,5
4495,84;242,64
4446,72;258,78
3921,39;183,2
3245,96;205,31
512,29;62,45
891,98;57,7
4502,92;253,3
3071,5;173,62
145,07;45,7
597,21;64,6
3351,16;166,56
124,8;35,05
887,96;61,31
2788,8;160,68
3490,29;183,59
3294,61;210,95
1198,92;95,55
3589,68;188,39
1262,52;63,11
1694,46;98,94
3757,81;214,41
3283,2;187,76
4261,19;251,86
3322,3;197,96
2884,71;178,78
559,01;52,85
1901,81;94,25
1399,49;87,04
1295,55;100,68
4867,75;262,61
2026,18;128,86
4471,03;238,77
3192,58;164,18
3994,58;217,88
2562,92;152,78
2926,83;156,51
2513,34;142,13
1056,69;58,74
3640,02;218,79
1475,78;89,37
219,15;52,75
3262,81;206,07
967,84;67,18
4708,25;240,29
4774,25;227,42
4582,84;227,06
1913,78;95,08
175,74;49,46
4648,76;254,18
2198,1;135,75
4836,61;228,52
4821,74;243,12
4279,75;247,29
1542,8;101,44
1986,98;117,14
4270,57;242
1652,92;127,18
930,51;63,21
2828,33;162,46
4687,16;257,25
3510,55;231,41
2893,3;133,17
576,16;59,06
3113,54;173,95
4951,26;276,06
786,41;49,46
2639,82;151,26
4399,13;250,63
3729,77;253,18
3515,38;207,89
3542,17;184,39
1861,51;106,72
1538,6;90,13
4065,87;196,36
4069,56;218,53
4348,65;248,43
4574,88;229,63
2605,58;166,01
2557,43;155,19
4011,65;209,57
3284,82;182,12
3539,64;220,96
3999,38;230,97
4461,03;243,18
1756,18;104,24
1940,36;118,17
560,51;40,35
2933,57;135,11
276,12;64,44
2381,43;141,4
2758,96;163,92
1504,05;94,33
2995,08;158,73
249,45;29,68
283,01;10,16
4130,74;260,69
1864,93;94,73
722,6;40,65
2658,99;146,35
3872,97;232,97
1157,52;78,09
3152,16;159,07
518,2;64,73
353,24;48,63
2703,64;163,26
2749,11;168,19
3223,41;217,09
3657,85;235,67
4881,68;253,78
2629,87;175,85
1682,49;109,87
3996,41;227,31
1427,08;65,97
2250,96;129,99
484,44;32,03
224,22;43,63
4816,98;276,92
4196,3;198,7
3510,27;195,18
2103,87;142,02
949,14;64,66
866,54;74,26
1326,19;91,58
2791,21;164,69
3601,52;196,01
3334,97;168,5
1471,68;76,76
4778,84;269,58
3715,69;206,08
2816,33;158,74
3097,43;168,51
2156,04;123,22
1313,88;101,4
1844,27;107,18
3813,45;190,56
170,53;39,68
668,76;50,36
325,41;36,74
299,57;59,09
4291,76;234,28
3547,92;201,73
2423,45;123,49
579,39;45,67
2508,92;154,59
2420,01;117,67
948,69;70,45
2225,87;132,81
2052,67;123,25
3117,67;191,44
3211,96;185,61
321,99;58,27
1935,6;101,88
3166,71;180,37
2565,37;149,54
4296,8;218,8
3327,6;200,72
898,38;99,79
445,79;42,03
3247,85;189,97
229,91;32,76
2970,3;157,81
4707,13;228,05
2919,82;155,4
2002,03;99,22
3252,11;208,17
2345,44;135,55
2773,52;153,49
4713,18;269
1991,9;102,77
4809,83;248,99
4536,22;247,83
1059,38;88,4
439,87;49,52
593,81;53,42
189,29;30,64
562,77;54,14
3446,73;195,36
448,82;26,99
1662,98;103,84
4239,89;215,89
214,03;31,92
4090,9;217,34
1481,09;132,15
679,01;53,35
3514,01;174,64
3181,82;177,08
4399,61;247,77
3701,85;230,19
4037,06;213,01
1481,97;70,36
969,45;80,73
3778,01;188,19
4053,49;216,13
4953,48;263,81
2121,83;125,05
1922,89;126,48
3904,42;204,97
1769,94;104,39
4660,71;252,82
4306,22;237,56
2202,07;131,57
3779,27;215,5
3797,26;222,52
605,31;56,15
4522,51;252,93
2575,74;125,05
4149,64;228,24
1668,24;110,6
4488,06;255,34
2007,09;109,97
153,1;17,77
4536,37;238,21
547,3;55,41
1664,64;118,74
4755,3;251,65
4757,98;271,52
2909,85;167,34
3196;177,94
2297,38;131,7
1536,73;108,04
1710,46;110,41
3395,34;223,9
3786,64;196,55
3978,74;226,71
3969,13;210,52
546,91;34,31
2522,66;145,97
382,04;41,16
2792,69;203,41
2263,5;130,41
4449,75;225,53
1819,48;115,07
673,63;22,56
800,66;58,65
3831,4;211,81
3129,27;188,38
595,5;64,38
512,12;38,05
3534,75;194,48
456,54;31,34
4127,11;209,43
3560,59;202,68
498,61;25,83
515,7;39,57
4934,53;251,8
1933,93;124,94
1916,15;142,83
4082,72;204,61
4741,52;229,28
4931,41;264,7
3791,55;209,81
1943,67;120,46
509,15;38,76
3908,02;212,39
2836,18;167,32
2178,69;144,54
4541,14;217,73
644,87;46,71
2513,86;148,9
155,63;14,01
2396,44;165,79
375,89;29,26
682,21;53,49
675,88;62,13
3281,13;175,19
3755,62;180,08
2958,51;161,5
4814,65;276,17
1936,87;111,79
1499,99;82,3
4356,14;251,69
1195,62;74,82
4819,79;253,34
159,56;30,22
4852,41;274,18
311,48;71,3
4466,6;255,74
2685,74;171,68
4965,53;260,69
461,6;27,69
2813,89;161,63
4849,58;264,09
2663,18;136,98
3184,05;176,57
3509,17;201,45
2327,25;141,77
3175,03;186,32
2963,14;172,52
4515,67;238,18
322,69;28,43
1476,72;75,85
4757,02;284,62
4462,29;243,32
2332,72;133,26
3138,65;163
1459,17;136,99
1021,79;54,99
2372,12;132,17
1831,43;117,81
2959,91;177
480,9;58,41
4874,53;290,84
4932,43;274,21
3520,99;180,21
2726,87;152,49
1616,69;105,45
4087,6;255,4
3455,18;171,79
896,82;82,88
4563,54;250,88
4130,43;239,09
4754,02;256,17
3656,03;190,16
3105,73;186,55
2149,39;137,29
4670,37;268,1
4343,71;236,99
321,57;27,08
229,2;8,08
1944,67;129,52
4071,71;229,94
4937,65;252,4
837,04;53,77
3011,24;163,56
1966,37;96,07
4852,58;250,36
4226,38;214,31
4207,81;224,2
2396,6;128,75
2132,62;102,23
1439,69;122,32
376,24;57,6
4337,14;225,17
4083,21;228,25
4998,62;276,19
4983,52;287,04
2821,62;148,8
3868,04;229,78
4729,35;248,25
4263,27;213,13
1312,01;96,46
2307,67;154,74
732,88;95,46
4774,85;240,75
3070,26;184
1220,35;74,87
3391,33;201,32
3128,83;154,38
1855;93,81
656,43;41,18
3390,71;190,72
2649,51;142,86
3884,36;224,1
2648,8;167,84
4275,69;242,78
2804,34;184,5
2848,6;168,67
4395,6;221,53
2077,07;144,3
756,67;48,76
241,04;45,71
3800,17;233,61
3139,52;183,83
3549,99;175,06
1143,52;63,4
768,22;78,25
171,27;26,03
1817,88;112,09
2990,6;180,91
2022;131,54
2243,63;136,36
4530,38;243,39
1806,45;105,63
2618,55;163,8
3939,9;225,3
2043,06;118,29
3148,22;193,64
4325,58;234,34
4752,65;244,86
820,66;49,65
4640,28;237,33
2511,37;141,48
1365,4;106,78
2349,77;125,41
4902,16;267,94
2513,83;135,84
1710,88;101,64
3203,66;157,53
1276,71;80,53
471,73;40,68
731,51;64,68
727,42;59,72
844,32;44,24
780,25;75,28
3240,29;185,17
991,21;72,54
1793,77;109,55
4494,26;236,95
2422,41;144,39
3371,03;195,69
944,37;41,01
1042,22;64,03
300,26;31,19
927,78;70,23
1465,09;111,15
967,35;56,79
534,64;39,26
691,12;46,87
2357,82;125,87
1111,04;70,34
1884,92;125,81
2566,74;132,53
3482,93;200,56
292,63;9,1
4017,11;212,44
3176,71;173,89
500,62;70,15
4380,54;234,9
4612,27;217,6
399,28;9,98
1456,7;93,35
4050,39;231,73
3766,47;213,96
1004,15;72,72
1125,81;93,72
1915,31;107,67
2474,16;157,13
3129,45;151,99
1907,68;101,81
2366,42;111,22
3762,61;204,01
279,75;33,29
1336,94;88,56
3595,41;200,7
4486,51;230,41
2607,22;147,51
2707,36;132,91
625,14;71,71
2292,32;130,06
2709,82;148,16
1288,11;108,24
1419,29;72,33
1948,69;100,55
198,35;13,47
1678,19;102,89
1136,1;83,28
1704,74;116,33
686,83;92,92
4463,58;209,44
3008,6;179,56
3427,6;183,02
3966,94;209,55
2542,37;137,82
525,91;32,66
2731,82;181,86
2975,52;181,41
3752,65;207,98
2215,13;151,02
725,14;33,57
1490,5;74,56
1879,1;81,29
3264,99;172,76
2896,81;167,27
1844,87;113,79
4933,92;268,94
3068,3;152,25
1262,41;95,17
598,73;53,53
849,01;73,45
1305,19;56,87
887,34;69,04
1014,18;52,89
1496,97;88,89
949,53;75,49
4494,15;246,07
493,15;31,88
2670,11;153,6
2110,94;102,57
4913,66;282,94
648,99;49,37
2049,49;139,25
4850,41;254,62
4340,98;229,2
4103,65;213,72
1363,72;101,33
937,35;56,23
3376,35;198,49
4653,94;246,96
2828,14;131,77
2900,9;156,49
1471,9;75,91
3870,52;214,03
1016,51;52,97
1686,03;118,19
2184,64;127,87
2587,29;146,7
1287,81;94,23
662,7;67,59
3092,04;174,3
1514,29;84,15
2948,07;140,79
856,38;52,53
2457,59;133,62
2709,69;157,09
353,94;32,52
1749,36;117,79
758,63;48,74
410,54;39,67
4950,81;285,3
1679,53;109,1
4068,38;222,52
1347,74;78,36
3439,36;182,47
3825,12;198,5
3018,63;162,82
2410,72;151,87
2118,02;122,57
1809,45;90,23
4654,69;279,26
4170,04;233,3
4828,63;240,33
709,06;48,83
3681,25;205,73
4697,87;280,46
988,04;52,78
425,83;55,93
3731,49;227,57
2914,92;156,32
4224,96;227,09
784,88;43,7
3996,81;216,79
1087,97;73,85
901,91;74,99
904,9;81,6
4091,42;213,35
3359,47;158,46
2663,02;152,83
1858,27;117,32
4398,28;243,66
2022,98;116,25
4101,34;226,94
2251,76;155,32
1947,03;123,08
2367,13;132,76
1576,75;91,33
3763,29;205,62
2563,33;172,72
1237,84;79,14
4507,92;245,1
1981,07;111,82
2763,41;174,66
4541,71;276,48
3158,77;184,7
672,8;54,88
4705,18;255,81
3175,77;143,02
1741,04;118,23
782,43;61,13
3990,72;225,96
3138,36;166,25
2713,96;149,93
4480,07;237,84
3964,13;233,53
843,21;56,48
1627,44;132,61
1317,6;92,34
3745,34;188,13
264,31;31,29
2892,46;154,85
3836,05;178,89
4396,15;263,8
1776,2;119,36
4124,16;234,21
642,1;54,59
4247,62;211,65
724,69;48,98
2046,71;134,96
4006,75;204,57
834,6;23,75
1223,33;77,76
3639,04;199,83
3628,18;203,44
3241,62;193,01
3500,35;204,58
2759,35;161,85
1333,82;104,62
1793,91;86,91
989,83;77,06
4551,41;256,97
2958,62;149,34
2064,17;100,67
2363,83;127
4741,69;247,16
851,42;73,87
2972,53;159,41
2578,85;136,1
3096,13;165,63
188,74;46,22
4373,41;238,87
4667,38;250,68
2869,15;161,81
3513,59;215,06
4620,25;239,77
3565,47;218,01
847,44;65,53
2923,81;163,78
3072,9;211,16
2178,24;113,08
3708,58;200,12
4678,4;235,43
4635,29;266,05
2309,11;160,79
654,87;77,79
4925,72;284,65
4210,6;227,57
710,85;50,06
4612,13;225,54
4362,49;268,66
2642,31;159,15
2997,25;162,48
2055,11;142,68
368,33;23,83
1742,47;113,22
4033,98;219,11
122,7;35,72
1734,15;105,75
2051,03;100,79
2733,24;157,8
4607,29;266,1
1797,1;109,42
1800,07;121,63
3713,76;190
2315,87;135,4
1200,56;70,66
2316,95;147,05
790,2;59,98
964,3;78,57
2542;163,42
2152,73;138,01
4582,74;253,23
1875,73;98,81
2944,88;167,2
3198,1;171,91
164,16;23,05
3351,33;181,95
972,38;53,92
4809,24;231,1
828,45;51,4
2131,66;129,48
518,21;25,69
4984,68;269,47
2560,76;176,54
3017,39;186,22
428,67;66,09
3774,81;214,61
1128,54;93,94
4500,47;234,16
1105,18;65,59
1034,37;30,63
279,09;51,75
2413,13;163,76
2867,72;155,09
421,97;37,29
3900,09;203,7
2321,12;141,8
2669,51;170,35
2259,74;106,85
2063,74;129,33
2842,24;157,96
860,68;64,73
991,45;76,46
4322,75;233,31
4735,97;255,24
1929,22;113,25
1426,65;105,89
3255,6;189,06
2102,8;128,45
224,39;12,16
865,15;57,58
3608,26;213,89
3328,73;187
232,77;41,53
1187,66;105,88
1232,27;97,19
3392,27;191,01
196,58;22,16
610,13;12,2
4019,59;218,45
974,87;63,85
3298,46;190,78
1267,1;81,05
587,26;44,56
1291,54;57,89
3639,11;187,86
4292,91;241,8
4168,08;254,14
2046,2;120,85
3373,62;193,6
1104,42;89,51
1536,42;84,66
4492,05;250,1
163,71;17,08
518,99;58,92
1118,64;78,2
230,01;35,98
989,03;57,71
2956,9;178,45
2164,98;159,52
4474,09;228,59
4105,47;220,18
1774,91;112,22
1371,17;100,35
1960,49;109,63
2992,45;127,13
1413,51;111,06
3158,33;189,32
2106,12;99,16
2805,03;151,14
2237,02;155,37
1542,88;118,86
4747,42;271,45
3841,67;209,44
786,55;60,57
4355,49;235,81
2488,41;161,34
4483,31;231,03
4019,29;208,88
2183,55;144,33
210,1;29,84
1416,52;111,5
2754,01;147,63
3204,04;179,38
1363,65;74,35
782,84;59,25
4191,16;207,38
4923,57;258,86
2675,88;132,25
941,23;77,47
1434,31;102,46
190,11;3,55
4580,06;269,01
676,98;91,31
2924,93;166,94
1442,87;82,53
2815,47;203,14
3291,96;164,81
4165,73;228,59
1111,46;78,27
153,88;47,87
770,74;63,93
4510,09;238,03
4382,06;224,84
3027,32;166,24
3042,53;157,02
3358,68;188,65
959,32;59,5
4580,62;226,62
2151,98;146,43
1977,38;111,4
2642,7;133,11
330,13;33,98
914,79;66,76
3716,36;179,62
505,71;50,26
3055,45;157,06
1302,21;110,78
2007,55;128,24
1514,6;89,73
1842,8;100,96
3623,32;199,59
1555,9;106,99
2875,38;163,39
2432,65;138,37
3351,99;188,47
4690,47;245,47
3689,6;199,33
1153,21;46,37
252,8;47,25
1385,09;93,74
3015,88;159,19
351,99;66,08
2532,19;147,91
3024,53;155,68
1737,8;119,74
3877,47;219,84
622,33;57,04
468,18;37,02
3668,12;210,16
2527,91;142,47
3473,17;202
2230,65;102,96
1307,37;78,86
4113,6;251,51
4017,14;209,35
3504,01;186,14
1433,51;84,96
2992,13;151,38
1868,77;80,31
548,75;43,98
4594,84;251,78
770,41;57,73
4756,16;255,63
2285,43;134,92
1007,15;85,7
2755,31;154,91
4377,43;230,26
3687,9;200,18
4052,15;231,3
3328,04;207,58
3492,16;185,19
4261,06;234,54
1323,37;91,24
2498,18;130,02
1183,93;79,5
4939,57;244,99
4725,89;229,76
293,19;40,16
3557,32;192,11
4633,72;254,72
984,82;68,97
2882,93;149,5
4585,89;248,62
266,34;14,82
3517,36;216,73
1557,01;77,51
4629,54;248,54
4858,19;247,28
4726,91;264,9
2423,65;136,21
4324,01;228,42
4238,29;244,71
1663,59;103,62
4161,69;235,83
281,34;19,35
3021,72;150,01
1227,04;82,96
690,78;49,76
477,07;53,25
3511,82;194,39
1765,39;111,35
3651,36;178,22
420,25;69,34
1644,92;99,78
2743,51;167,64
3974,54;206,19
1661,89;107,71
3166,87;158,8
4441,29;248,85
3117,73;170,55
1241,5;82,51
219,56;41,45
4363,48;219,69
204,22;19,94
4386,04;246,16
2691,79;186,06
4701,43;253
4014,04;229,57
4989,88;267,89
1818,49;140,06
3859,22;186,75
2069,46;124,89
2451,39;118,19
3174,78;141,14
4381,02;243,51
4922,01;268,19
3864,54;208,95
2147,06;125,76
2164,65;174,71
3714,15;201,84
1270,01;91,15
641,32;42,33
1837,65;116,31
1507,47;91,8
1551,91;91,44
1244,68;109,52
306,26;52,97
187,58;31,43
4939,84;232,43
2196,09;124,39
1983,2;159,71
3430,27;188,05
1169,44;95,02
4754,81;279,37
3953,09;220,94
538,11;34,28
2146,15;90,78
4407,68;250,65
4729,19;244,24
2390,27;142,16
3105,72;156,54
918,47;61,94
4956,73;268,34
1235,19;85,79
4719,39;239,25
3283,27;202,12
3077,91;164,94
2612,17;125,49
1230,28;79,88
964,99;68,76
1180,38;81,43
1013,55;91,11
3919,96;212,45
1815,61;108,99
383,43;22,62
4848,6;274,74
4430,55;244,29
4645,99;246
4975,05;240,18
952,09;89,27
2041,59;103,66
3815,37;201,9
3510,5;200,9
854,09;44,76
4097,58;202,48
1199,76;48,13
1196,71;90,65
2731,17;148,38
3005,41;214,18
2942,42;152,21
548,29;33,59
4399,56;231,5
1401,44;93,72
734,62;49,68
4454,87;251,93
4782,69;244,46
4324,43;215,5
4066,63;196,36
3310,69;152,18
2799,2;152,19
526,24;41,8
2101,42;115,6
1926,17;134,96
1372,79;107,06
3644,76;197,22
2529,79;119,58
497,13;36,36
1178,9;69,95
3447,97;182,54
473,04;33,19
4270,91;223,74
2526,22;140,51
2454,87;133,21
3002,8;173,26
4140,94;232,45
1804,27;96,55
3422,28;210,18
2872,09;148,9
1408,44;66,15
4405,29;245,98
4007,39;208,11
3326,41;191,14
4267,85;197,34
4349,74;258,37
3570,98;208,63
4201,37;207,56
3517,61;173,7
3432,69;216,72
3131,2;165,5
3788,31;196,9
877,17;29,87
4416,27;235,55
4372,03;235,19
243,31;42,9
4146,5;206,34
731,46;33,77
1742,08;113,87
3743,19;222,26
887,72;40,82
4108,04;241,62
4177,46;229,44
2586,59;165,71
131,29;25,51
1506,49;57,49
3122,94;173,87
4907,81;281,29
3195,89;166,39
1373,04;82,83
3206,63;177,69
2745,93;113,8
3921,24;241,13
624,21;37,69
3829,04;219,04
2752,21;156,31
4818,66;279,8
1775,17;114,85
3199,85;176,47
4666,94;239,94
602,3;62,08
4692,42;226,52
3470,64;203,22
432,4;25,13
1574,72;117,52
3570,04;200,92
430,02;51,16
2952,64;168,86
1794,83;83,46
3142,49;164,21
324,14;46,29
4370,53;241,03
4870,1;281,22
4847,5;268,42
3773,29;194,16
737,42;44,93
3815,49;212,32
220,48;-3,69
208,41;55,52
1685,69;110,91
2494,35;163,12
3875;190,04
3448,15;211,08
2284,92;167,72
1440,77;72,23
4985,91;280,87
2188,29;129,43
2311,8;112,42
901,76;72,48
3994,57;232,23
3499,04;185,94
1181,77;96,58
503,67;20,18
3434,45;169,3
3307,1;187,4
1438,97;92,33
4759,23;247,21
840,18;74,15
2218,44;138,89
4723,72;269,06
2156,66;125,99
3228,78;190,48
2048,21;115,73
1443,65;122,99
4921,49;253,89
2105,74;156,87
4481,09;244,58
1226,78;60,71
1144,21;97,73
252,56;34,52
3293,17;197,43
1905,78;133,65
4335,36;241,84
2418,73;132,05
4844,15;276,84
1009,08;70,47
4356,25;248,1
3905,32;182,96
3877,52;220,58
4239,44;222,39
3829,02;236,25
3168,48;187,77
743,1;60,75
259,38;40,26
4612,15;235,63
3121,59;200,43
4003,03;250,02
2459,46;148,87
674,81;77,6
713,41;47,13
3459,27;181,01
2208,5;131,04
1082,57;80,65
2508,81;139,53
414,62;48,8
2951,66;172,18
1418,07;75,93
4008,04;228,18
1620,77;113,99
2330,58;139,1
156,94;45,14
454,99;24,49
2023,22;128,18
2451,7;125,03
3040,1;155,29
1529,15;86,99
3505,41;181,14
4314,6;227,51
3921,27;212,85
294,13;47,26
2454,48;137,91
614,16;26,92
1286,02;101,4
4934,65;254,18
798,23;59,03
2544,55;153,93
3128,96;179,44
3542,08;213,52
2842,28;169,3
147,88;14,47
1699,66;137,66
2636,79;154,75
530,55;44,32
1818,07;125,36
262,7;36,88
485,03;50,24
2044,92;159,63
750,31;53,39
2880,95;159,28
3478,38;195,67
4022,87;237,22
1080,74;51,44
920,66;36,55
612,38;41,81
3218,51;156,42
3561,73;191,71
254,77;40,28
4687,44;241,01
354,66;16,33
2752,35;158,66
3574,4;211,66
4367,75;212,96
3599,03;212,25
4028,47;233,68
1763,31;122,48
4092,64;242,91
492,56;77,66
4484,6;238,89
2783,2;160,8
4104,76;218,99
2316,36;135,85
3253,53;205,67
2679,37;133,79
3684,79;191,32
499,99;65,66
395,73;55,09
1310,81;80,09
881,77;76,9
4371,74;243,71
1174,15;101,21
4881,74;265,2
1750,79;122,92
992,38;109,25
3969,52;227,45
3327,67;187,12
2541,16;157,89
2821,28;155,58
3624,09;237,02
1219,43;83,67
4982,04;265,01
4876,49;251,29
3286,6;200,79
1077,76;86,9
3433,12;184,2
453,77;51,34
250,2;9,88
1362,65;90,91
2366,85;145,13
4354,54;263,34
3663,13;191,59
3739,26;187,79
2184,92;115,81
1795,08;89,71
1918,09;135,95
4939,48;290,2
296,54;39,63
4348,45;255,74
2935,51;168,78
2249,22;131,03
3653,76;197,69
2484,68;139,58
4379,77;215,77
4513,44;249,64
2166,43;127,72
1456,46;104
3002,52;171,53
4570,58;246,09
1132,24;63,54
3152,54;178,71
3194,65;190,81
3692,25;187,46
744,68;58,55
3607,54;203,87
4554,26;236,94
980,45;60,2
1263,96;86,66
4859,84;245,99
986,79;74,59
4286,49;220,89
2512,16;161,55
1311,43;120,64
4366,67;225,42
2282;142,11
2622,61;140,23
1860,24;128,63
3005,46;151,29
901,27;72,27
2016,3;107,72
4850,12;259,4
1364,85;72,78
3318,01;198,24
1693,43;92,12
3890,02;222,78
741,28;51,9
4852,12;260,89
2323,57;138,39
1256,65;71,4
460,13;46,16
931,81;89,55
2646,89;140,67
1751,32;125,14
4161,53;250,55
2211,35;118,33
1318,7;64,11
3124,01;180,73
3563,21;189,95
918,51;93,95
921,33;66,59
279,69;21,95
3708,37;188,21
3352,64;203,98
2425,69;132,72
4236,44;232,48
4047,78;236,73
2968,24;161,15
4354,53;237,04
1108,62;75,18
648,41;62,67
1421,77;99,95
379,73;35,68
2702,73;156,09
4689,37;248,89
292,78;12,47
698,34;58,78
2315,78;164,17
4675,99;240,54
1649,16;90,86
2585,45;136,21
303,71;46,05
826,88;68,07
4934,49;264,35
4829,08;247,68
124,21;27,6
4763,88;234,72
3231,69;183,74
4352,8;250,71
2328,23;117,64
2626,42;128,33
2495,35;168,46
3367,63;179,21
784,29;76,25
246,87;30,03
1608,86;98,01
3552,94;204,22
1089,08;61,19
3399,82;191,98
4852,57;256,91
560,11;28,2
3395,75;194,85
2274,38;129,77
4353,9;235,34
968,03;50,25
3493,87;218,56
4206,76;243,49
4728,61;270,89
3447,92;187,81
2536,16;120,87
3127,45;205,67
4357,63;236,97
2895,99;153,57
248,9;38,7
4661,65;270,59
3478,68;193,59
3414,92;209,92
1156,81;94,09
3328,54;170,28
2029,94;111,39
3291,04;198,92
622,31;10,43
3323,44;183,93
4997,13;248,39
336,24;29,66
4888,15;259,93
2093,85;119,32
4366,69;230,05
3933,69;200,23
2878,38;198,3
3718,4;233,93
4404,73;222,81
2080,29;147,75
1702,46;99,13
3371,21;190,5
4058,45;221,97
3835,2;201,86
4009,29;235,22
2234,36;133,61
4107,39;218,22
689,02;34,88
2768;145
128,22;1,79
1690,47;104,71
1895,66;96,83
2041,25;118,08
3507,79;215,94
2003,93;138,19
2298,6;134,45
1263,97;81,89
1928,93;144,64
1213,62;88,49
458,66;38,02
3056,9;151,45
3374,24;194,62
3135,5;189,21
2371,12;129,08
1960,95;122,42
4330,33;231,06
2643,5;149,41
2447,99;105,08
225,65;27,96
1772,11;123,15
1962,96;108,68
2054,23;123,5
2942,84;155,8
2714,65;161,14
3078,73;170,69
3847,93;198,31
4083,63;244,17
3618,8;214,87
4782,07;250,03
189,34;36,93
1059,31;81,03
137,06;36,49
3272,63;158,22
4500,35;260,12
1293,06;76,11
4642,47;246,76
395,31;79,33
4678,74;258,46
1822,95;105,35
596,96;16,77
2480,77;164,89
1358,21;67,73
1495,88;79,74
1605,72;95,32
4034,83;242,99
2741,89;168,69
1625,41;98,9
3090,64;179,16
3609,14;191,45
1435,86;93,89
2126,39;127,42
697,24;69,39
987,63;83,89
3437,48;199,28
989,05;64,02
2673,3;164,79
3574,33;197,34
623,7;34,96
2879,83;157,94
1357,16;89,13
4818,34;274,57
2469,37;140,72
4049,36;204,33
2796,11;160,66
312,72;37,34
3202,44;182,91
4761,88;271,89
3047,9;187,68
4114,03;216,79
4432,61;232,39
1217,59;65,28
1139,02;87,43
3093,81;196,42
2114,04;120,98
4215,32;227,14
4510,11;267,51
1831,76;119,17
1260,67;89,58
3924,58;198,37
1446,55;102,51
4130,81;212,6
2176,32;111,81
3370,99;183,35
568,12;39,62
3156,91;174,52
2313,66;114,07
2974,38;183,1
923,27;83,08
3710,68;176,32
4327,71;251,06
1162,03;65,94
569;61,3
215,83;29,76
3245,66;182,71
3074,76;170,96
2778,82;177,12
1236,54;63,23
2015,44;129,89
3012,93;187,17
2534,16;157,45
4940,15;301,88
768,55;50,49
3506,21;209,67
2081,16;122,47
2198,18;148,41
3616,23;200,7
3492,94;188,83
4957,15;287,45
729,13;49,08
610,14;29,32
3649,26;194,71
2934,1;175,99
1443,39;113,05
489,15;46,12
519,73;65,76
4481,54;223,7
1040,15;65,36
1684,52;99,9
1210,62;78,81
1839,48;113,24
440,18;52,37
2643,39;145,5
431,3;43,65
4021,75;220,41
1245,19;68,37
2746,06;155,6
4412,39;238,46
3289,3;181,99
2711,49;156,05
1689,24;105,6
1731,71;100,1
3380,49;208,12
4971,28;251,02
3343,01;176,34
2833,14;203,36
3680,19;188,44
2379,51;118,67
394,7;50,75
2855,25;131,61
4792,36;256,09
958,98;100,14
3481,02;170,88
1084,58;44,5
2725,56;133,79
573,71;62,16
2306,82;152,21
3805,2;202,57
1803,1;120,4
3358,07;208,76
3997,7;246,7
4643,17;248,46
1249,75;47,97
2056,65;110,52
846,84;55,94
4963,17;264,27
4642,3;249,3
2745,79;174,07
4225,96;250,41
2652,69;150,06
3155,57;194,26
536,71;52,2
3800,83;211,01
725,8;69,89
4147,73;228,47
3931,94;247,46
3572,85;177,07
277,19;26,13
1585,33;97,37
1389,25;96,05
1864,67;132,25
529,45;46,11
4691,09;233,22
2813,63;173,32
1597,07;111,18
2045,21;93,13
2291,29;134,51
3042,91;148,29
2626,83;141,37
4605,02;236,71
2535,12;158,9
4961,57;269,83
4271,98;214,32
1121,7;89,29
4659,92;231,49
670,2;58,46
4105,5;213,07
1965,05;112,77
4402,07;247,67
4353,48;245,5
4049,03;242,51
3971,15;217,32
1592,93;104,24
496,5;38,26
2074,6;126,46
950,27;74,11
3505,26;193,79
1795,89;82,74
4880,49;269
3240,76;187,51
4130,15;216,31
749,37;38,2
4323,87;258,33
4621,51;258,45
2486,6;140,89
3070,64;156,48
3847,57;200,05
956,71;87,37
2562,57;150,19
2053,45;114,41
817,23;68,51
1900,92;102,83
434,04;64,21
226,48;51,62
762,31;51,12
4819,26;251,53
2792,69;120,36
4832,53;239,4
2219,24;110,87
1627,9;103,42
2580,1;144,11
2253,61;112,5
617,76;46,67
3240,05;189,58
1158,59;85,85
3135,98;148,3
3285,99;182,38
844,92;41,5
400,61;53,56
3925,73;228,05
2353,02;124,18
385;27,76
4974,84;261,82
383,12;5,36
3505,67;200,32
4920,03;261,91
1271,98;98,15
797,02;43,37
694,79;45,45
1586,05;76,7
595,12;34,69
3491,59;176,85
405,23;55,2
2596,17;139,33
4983,81;271,05
4088,45;218,71
3114,58;156,69
1600,64;97,51
3157,09;186,84
2682,5;136,01
2187,81;141,53
740,48;44,28
4444,36;234,97
2303,94;143,16
1053,65;62,73
1902,02;115,66
2129,24;121,74
4154,94;229,69
3694,71;169,02
3869,59;186,03
154,05;36,94
2139,15;142,52
2458,59;129,27
194,04;26,04
1373,08;93,08
3825,42;221,67
771,84;28,18
2723,02;142,86
1154,49;72,74
159,39;38,52
1281,89;121,57
4881,78;260,67
4027,53;200,27
4801,93;266,13
2490,48;164,34
637,71;53,51
2785;145,65
2326,45;150,69
4237,35;241,82
580,6;33,64
2492,38;150,34
835,24;76,72
1690,91;122,27
3713,05;204,66
2432,49;136,25
1941,85;135,5
2032,93;103,49
2351,29;144,14
3946,58;196,78
4471,21;259,54
4781,14;255,19
3955,83;236,82
1645,49;109,65
3471,86;175,24
2244,26;153,58
1347,89;110,66
4220,27;244,25
288,29;22,99
4518,63;241,34
2361,24;140,24
3222,29;170,56
3330,83;211,93
4486,08;246,47
3219,68;140,43
3108,27;180,5
426,59;36,11
2640,2;150,89
835,83;56,26
3713,43;217,78
2609,89;167,29
3433,12;195,9
304,2;30,12
515,48;45,15
3609,98;200,79
453,21;30,62
449,16;51,14
159,33;34,87
4786,86;282,45
3713,79;224,52
1830,93;101,26
1553,02;109,96
1813,55;96,41
3895,8;225,23
3340,72;179,29
1007,46;55,02
953,14;71,86
582,14;8,99
3335,48;160,51
3845,43;209,61
1398,73;91,17
202,63;24,59
502,64;21,44
4842,51;249,86
1547,68;103,25
3869,19;222,19
3160,85;177,8
1971,5;135,93
1107,87;81,35
694,79;43,53
3113,56;171,47
3895,71;193,74
3255,13;181,13
2698,48;171,61
305,56;45,56
4845,6;283,31
4013,7;216,14
1534,83;116,93
4901,85;262,19
3049,22;194,53
2953,87;167,37
3765,56;218,89
4077,67;246,01
3316,75;182,94
727,67;59,66
1757,51;127,21
4647,61;250,39
1200,62;60,22
1923,62;148,33
2217,18;123,81
2253,08;135,04
3103,4;192,51
4721,07;246,93
1279,39;68,85
695,36;58,57
1067,61;46,48
4445,93;237,98
3264,47;186,9
1500,94;91
4098,14;201,76
4320,71;259,95
4247,92;233,95
4602,74;271,6
1335,98;82,9
3799,71;196,79
2356,64;141,87
4225,79;228,05
3669,6;185,81
3904,59;237,28
3315,19;176,43
969,4;40,87
2770,63;178,45
4924,88;258,68
4693,2;245,54
311,55;9,1
907,59;91,49
745,47;37,93
3657,3;203,74
4107,15;239,05
1146,21;83,64
2578,68;148,04
4219,44;205,45
3690,73;192,39
2756,96;160,67
2992,7;157,83
2590,97;152,6
1557,99;108,13
2868,61;177,87
3475,54;175,38
4379,28;271,91
3217,83;192,4
3829,5;211,45
884,35;80,56
2361,63;173,56
145,72;5,71
1308,73;82,06
3659,66;167,31
4959,87;270,88
585,97;54,78
2067,32;122,78
4020,35;211,2
1099,77;44,25
2819,92;166,6
3692,05;226,43
3118,33;167,05
1021,32;77,67
1841,38;88,55
3940,58;223,89
2815,71;154,88
125,63;14,84
3828,85;200,04
273,03;27,75
3754,1;213,44
1092,15;54,93
4794,56;253,77
1902,91;114,52
1701,96;88,61
829,55;88,43
1597,46;87,07
4395,59;229,74
4982,04;254,43
1904,72;142,21
2298,19;143,2
3638,15;187,86
4442,36;258,71
3005,92;173,31
2018,48;124,78
2121,85;120,93
3508,53;184,19
115,77;30,85
3135,99;168,62
1841,92;139,35
3991,57;200,54
555,65;70,83
2982,19;167,44
2456,77;147,32
3247,4;194,87
417,78;31,44
2941,92;180,06
2851,27;121,95
2847,23;151,56
3057,09;158,99
3414,69;171,93
4044,45;219
1422,12;96,89
4142,74;237,68
2541,45;150,69
477,59;33,89
386,9;44,88
1737,77;108,75
3946;231,34
3567,64;210,04
3964,21;218,67
2634,62;138,27
2256,98;123,05
822,52;52,88
1708,14;100,68
2226,69;135,36
534,14;57,43
1181;78,28
3031,3;171,81
3704,75;207,39
4991,9;261,86
4672,26;239,73
3248,57;156,1
2164,12;117,78
3217,27;187,96
3949,69;206,94
679,85;50,43
2108,53;132,42
4215,03;238,56
1980,78;102,85
2902,17;180,06
2980,07;185,91
1003,93;53,25
1874,95;101,39
1739,11;124,82
228,36;29,22
218,54;-2,37
4175,32;207,77
1438,05;88,16
2638,59;134,48
1563,76;91,99
4709,33;255,95
1370,55;110,46
2205,32;125,91
4376,38;254,91
4225,47;252,71
1011,9;92,11
4032,95;225,92
2345,12;107,81
2466,55;150,24
754,05;73,43
494,95;43,53
3666,9;229,51
2532,66;159,53
2240,57;140,55
3674,59;220,03
3851,01;217,55
878,65;26,54
3090,1;167,02
763,24;76,12
3781,74;196,97
3319,08;182,6
4787,41;243,7
437,89;68,65
379,57;64,2
1482,72;80,88
1382,36;91,33
1310,2;75,3
4540,65;256,26
1322,78;93,78
1432,55;103,8
3821,05;216,03
2303,73;179,22
3905,88;199,88
420,29;15,36
2489,1;138,56
264,71;9,72
407;17,96
4541,54;232,06
782,3;45,28
2708,86;141,12
2114,37;133,49
1801,98;102,51
4509,18;242,77
206,93;43,76
3352,57;176,13
4820,63;257,06
2844,82;167,73
4690,43;225,4
356,06;2,03
2152,09;132,8
1374,77;96,12
3681,02;235,01
4908,36;267,79
1357;100,15
3305,46;182,34
1070,68;77,99
2870,12;188,51
2373,27;106,8
4862,83;269,35
3081,78;206,12
1812,58;114,86
659,07;77,71
841,11;52,62
1204,05;79,72
1329,74;86,99
4268,02;200,14
2849,99;144,98
2664,62;136,78
662,37;65,45
4314,68;248,82
3641,79;206,95
431,57;53,94
3568,39;195,96
2763,34;176,2
500,45;45,15
2345,67;138,15
2475,01;139,77
912,3;75,88
4733,92;250,38
4264,88;247,89
3378,21;171,93
2365,25;121,78
2117,65;136,19
3289,77;183,16
2772,62;151,82
405,14;53,61
2611,26;141,45
4051,38;219,57
2350,28;158,5
354,59;60,82
3952,76;241,22
1086,68;70,1
1367,24;106,82
907,06;51,12
1718,05;92,3
3808,08;175,15
2644,99;177,34
1103,92;62,24
4401,37;238,17
4409,95;226,84
4365,83;248,72
1270,1;77,87
2311,07;115,98
4926,45;272,95
3882,86;192,64
233,12;19,09
419,5;9,37
2373,26;117,3
4555,18;250,44
2739,64;127,51
2539,28;124,75
616,82;50,81
3318,22;177,76
4128,31;256,3
1964,06;145,71
3900,5;202,01
4825,94;269,65
1098,46;86,16
2664,32;144,25
1506,98;72,92
3984,99;219,06
2930,21;163,92
3209,45;173,94
4009,78;227,12
2040,26;110,75
4583,94;231,92
2711,84;157,23
873,98;69,49
3509,91;177,85
3986,98;233,27
1652,13;76,05
4300,18;226,34
4540,1;243,13
1456,83;83,3
4919,26;257,49
789,49;87,54
1089,88;61,73
1002,7;106,75
4480,55;250,58
3306,03;186,68
845,31;69,41
2257,58;170,83
3114,96;160,84
508,97;28,64
4423,84;229,87
4037,66;222,37
2575,51;122,89
4838,92;262,28
2147,03;152,75
4922,14;268,38
3372,81;184,25
3209,89;171,22
913,18;79,14
4421,45;228,68
2194,7;157,43
894,94;93,75
161,78;31,94
2842,8;161,97
2684,26;169,67
3624,83;217,66
4462,26;231,02
489,09;36,56
3684,33;184,38
1018,32;77,05
4305,07;245,25
4113,41;205,42
2749,89;150,67
3580,19;178,8
1640,32;88,53
2408,72;148,7
4126,02;215,3
2350,4;133,01
1853,21;88,25
2521,64;148,89
4158,42;227,26
1742,52;96,19
951,43;64,74
3588,87;202,15
4147,29;215,14
593,12;27,51
1275,38;110,85
795,66;50,28
1804,91;108,79
2306,72;150,5
3769,25;261,4
3290,62;165,86
3142,55;183,87
1826,64;100,72
4223,09;223,07
2409,31;129,66
4897,61;248
3207,3;179,75
718,7;33,82
3413,27;204,87
1693,01;105,48
3463;199,49
441,24;35,07
956,92;62,34
4293,11;238,97
1213,18;63,2
4201,5;224,71
1468,45;80,53
3250,12;169,15
3501,34;163,42
2612,01;170,69
1596,02;89,5
1141,96;94,55
262,63;49,16
1589,34;80,18
3300,5;168,7
4697,69;293,29
4368,9;264,71
3853,72;212,21
3963,39;222,03
3358,43;178,46
1375,41;95,26
4545,26;236,51
3386,59;158,84
2846,16;142,48
643,85;52,51
2290,57;117,56
2355,76;136,78
4336,36;220,7
2778,58;147,19
1963,96;131
4886,32;268,03
642,53;51,98
2170,49;141,71
305,92;42,51
3725,53;227,97
4598,58;243,03
1472,18;87,16
4305,87;215,78
1531,87;90,16
4562,77;262,61
3794,41;229,22
4044,04;236,61
188,23;2,5
4817,77;277,14
3660,69;175,46
1593,28;113,14
4164,03;222,68
1479,45;104,51
4376,49;218,84
651,64;70,15
3548,06;175,43
2749,42;147,44
573,02;33,68
1285,28;57,95
160,78;29,46
2396,96;166,94
1576,2;138,81
3031,95;173,05
1556,47;114,57
1569,6;101,96
3741,65;214,57
335,9;31,66
4524,19;249,14
4276,09;241,87
3372,24;179,94
3006,79;169,18
4472,28;242,74
1008,12;82,8
486,95;28,36
1273,6;82,91
3993,43;248,35
269,88;50,96
2955,75;188,03
4977,64;269,25
4292,91;239,46
2655,08;167,79
411,84;64
4173,73;199,41
3034,99;152,02
663,17;72,8
559,9;43,84
4557,17;237,78
3379,08;170,14
4163,51;219,85
4407;219,31
2901,68;196,45
2635,49;151,44
2209,09;129,59
1653,04;111,47
2229,52;145,91
3892,01;228,79
3049,42;188,58
4473,36;234,21
2272,56;129,16
3074,74;185,27
3193,41;171,76
2999,32;169,89
3542,91;203,13
1263,42;94,95
2610,58;123,86
610,7;61,26
1984,11;115,7
2489,57;155,09
3295,9;196,45
4757,6;282
3043,19;192,46
3743,61;227,38
2580,7;170,69
3207,11;184,73
447,57;42,86
1346,52;100,42
1873,08;124,64
2415,22;136,12
323,68;42,26
786,12;58,78
1456,39;80,01
4860,51;282,38
1723,6;107,01
2462;173,83
1060,88;48,66
3092,82;166,29
1475,35;94,26
1114,26;92,77
2631,21;157,55
126,98;31,01
137,55;9,97
1173,44;61,32
279,93;38,83
629,33;31
1760,42;100,04
4032,67;229,15
2903,04;150,42
2612,07;174,68
1538,1;115,26
4665,59;229,71
2045,37;108,28
526,75;12,05
3123,63;164,44
657,81;64,39
1791,59;103,37
2586,32;156,23
4383,69;216,35
2518,38;157,89
3541,07;188,73
4964,8;268,42
744,3;55,82
1446,18;73,24
2033,42;104,37
2166,96;142,86
2114;131,69
4547,29;263,12
3598,76;204,81
3078,74;176,08
1615,93;74,91
4136,57;222,77
4779,8;258,58
4123,87;255,49
107,67;35,69
3218,37;203,96
350,56;46,49
1362,28;77,44
391,67;41,34
3058,6;176,47
3464,29;179,13
660,99;47,28
1980,81;115,95
2335,56;160,86
1908,36;84,21
693,02;72,74
2152,84;113,59
3780,77;188,46
447,94;60,1
492,88;55,62
1838,38;130,74
4714,46;267,73
3376,01;219,7
3425,48;199,65
1873,41;111,32
3008,94;175,59
149,64;46,13
3216,87;169,15
4575,11;238,98
3101,61;170,45
4381,12;207,49
3647,47;204,44
690,74;26,24
4522,02;246,9
425,57;54,26
2716,44;148,67
796,47;84,98
157,36;5,96
2167,97;146,27
1545,7;107,41
2481,4;118,33
2928,28;207,08
314,32;34,76
702,72;41,97
2837,35;140,76
1781,52;105,78
3672,95;201,74
3296,23;186,35
4243,46;227,71
3493,21;204,16
2206,66;124,52
3397,54;160,85
1449,37;90,23
1600,94;64,53
3966,03;223,61
2287,46;119,68
4012,06;223,05
4129,87;246,2
4302,06;220,87
4591,51;265,49
2211,83;124,09
1662,45;129,42
2952,77;162,16
1918,74;103,33
3045,26;182,57
3557,37;191,33
3473,18;181,04
1935,31;109,6
917,61;65,21
2209,59;150,61
798,71;30,92
4461,48;243,42
1794,8;119,11
856,85;65,74
224,69;50,88
3264,53;182,11
3220,82;178,27
1768,96;117,33
451,39;44,06
2107,18;119,5
1624,97;108,99
3417,89;181,11
3068,32;164,25
1886,51;106,41
1167,67;98,68
4941,38;218,75
2324,61;142,16
3472,54;194,14
788,71;34,22
2479,39;148,62
234,93;38,88
2576,73;157,68
4823,69;221,41
1982,61;139,63
291,08;23,49
251,68;42,88
2001,14;131,17
884,12;51,06
214,43;40,63
3805,45;204,49
2346,76;106,27
1517,3;113,38
4510,41;233,89
669,08;40,64
4784;253,15
1638,44;106,01
4453,18;241,8
3054,42;180,94
4150,87;207,45
4921,66;254,95
1513,19;93,92
4809,56;288,95
2008,46;118,72
1989,01;135,73
1767,9;108,97
2752,9;150,39
855,31;59,06
2813,19;158,13
2754,35;166,77
3833,32;232,29
4184,88;234,64
2258,16;150,71
1581,43;84,6
1370,74;82,32
1053,66;61,82
382,47;43,84
1778;103,52
1424,21;102,16
4835,45;247,81
2832,77;162,28
1801,66;120,39
2944,29;136,24
782,06;90,93
2275,81;129,54
3168,55;148,05
2495,6;147,15
2068,72;123,94
4969,86;267,26
4413,54;255,54
3154,69;188,95
2889,95;168,97
3141,24;183,81
1086,43;72,76
2036,17;148,44
293,35;12,48
2430,18;143,6
2760,82;159,02
1215,97;93
4823,74;248,53
4556,33;221,66
3638,5;204,28
2713,59;159,9
4362,85;260,49
740,2;37,95
3973,5;236
711,62;91,09
3991,63;213,92
1451,26;73,2
4397,74;233,78
4725,81;256,5
829,1;69,91
2367,11;129,48
4906,84;288,67
2468,7;126,72
4331,38;210,48
2984,78;185,84
1939,12;82,84
1500,34;91,96
1095,79;121,55
3832,81;211,46
1994,05;102,89
2605,25;149,4
2512,39;144,86
2928,67;168,84
4341,33;247
4905,62;249,69
2097,16;150,17
4154,84;231,42
3846,19;223,21
2910,29;156,09
4784,63;278,53
1082,33;70,26
635,39;55,93
4284,41;220,22
2251,83;117,64
4250,15;242,83
4476,14;237,15
406,04;27,49
4428,98;231,8
2296,76;145,32
2601,12;140,62
3170,3;176,75
4639,27;252,19
193,67;0,92
2436,53;119,76
3469,84;198,54
3641,26;191,01
3493,41;210,52
758,73;72,44
1567,04;109,14
1857,71;140,18
4041,74;220,84
1465,92;103,03
1132,45;67,86
4791,5;296,36
143,43;56,93
4989,32;269,64
3416,42;196,62
4159,5;248,36
1543,64;94,97
170,14;18,66
3715,56;218,89
4187,31;230,54
3728,33;209,16
799,97;47,48
3791,8;183,82
3867,72;216,93
3326,85;199,92
3853,97;209,31
4245,02;253,8
3106,66;164,77
534,16;30,89
2489,38;143,46
480,48;42,79
2096,96;136,4
2094,82;113,12
423,45;61,69
1809,22;139,96
643,89;51,61
4060,35;241,76
4743,67;241,34
454,35;58,85
4780,06;274,71
2660,63;165,98
1567,87;98,16
476,62;-0,48
2553,06;138,03
3993,13;210,27
3564,72;183,56
346,11;39,14
457,22;36,58
2074,08;111,33
1546,92;81,46
1238,68;71,2
1476,92;110,67
4037,07;211,94
4653,22;244,94
2085;117,4
4539,94;252,08
1675,33;110,61
2434,54;96,06
1207,54;95,7
3238,33;203,46
4897,01;249,1
3057,12;158,27
1853,29;105,91
3274,31;172,38
702,31;58,47
4454,43;213,52
2565,11;131,49
2301,81;158,18
2970,74;154,61
3161,44;196,72
451,7;47,92
3444,82;165,1
1285,47;93,8
3598,37;198,15
4130,42;219,69
4039,4;225,64
2807,25;167,48
2648,83;163,06
800,09;77,68
3899,2;221,08
1429,91;70,86
2533,81;139,59
1492,94;138,79
755,76;68,66
3184,83;214,78
366,23;59,24
3768,36;212,05
1656,18;107,33
100,66;24,48
2604,53;124,16
329,57;36,75
1453,23;110,82
3564,18;189,21
407,18;46,54
4212,76;243,41
118,72;12,29
1309,44;78,7
3730,43;191,25
1649,72;90,15
599,27;30,65
1865,15;99,75
1424,93;112,54
4229,29;217,73
1635,4;103,67
3965,77;210,75
4470,17;261,19
2225,71;150,95
4558,72;260,9
1948,86;122,03
4823,98;257,73
537,52;29
3466,39;222,47
2519,69;134,59
1999,48;129,93
3200,29;195,91
3548,9;189,12
121,38;41,64
918,07;77,37
3593,93;225,62
3365,29;181,22
4833,63;242,39
3829,09;203,87
4758,79;261,07
3542,45;198
1560,46;92,12
616,29;22,18
3930,94;223,6
3256,33;212,4
336,11;43,77
1864,25;122,35
4788,32;268
2551,97;153,55
2220,37;144,99
2342,73;143,07
1123,53;71,49
1906,67;103,39
1912,08;111,87
356,54;42,54
3861,08;208,31
2140,87;131,76
4128,68;233,02
4266,71;245,83
1138,77;96,18
3321,03;187,22
2414,18;121,09
4412,77;235,46
1157,13;78,52
3421,28;163,53
3077,99;194,73
1546,98;99,48
769,34;64,19
3293,03;205,13
3719,13;196,5
1646,57;110,94
3259,68;181,34
2036,14;119,05
3594,71;188,15
1076,15;98,79
4462,05;237,47
1508,31;105,91
1902,15;86,98
384,65;56,93
646,41;68,1
2627,72;152,85
1411,2;87,16
4193,85;235,69
172;62,93
1957,56;91,43
1752,99;119,38
194,71;16,06
709,41;55,17
2126,85;122,62
2515,04;139,33
2081,02;123,89
2701,59;138,07
3016,15;186,24
148,63;0,52
2374,07;146,8
4821,15;256,16
2643,26;134,6
3419,96;194,03
1628,13;78,05
3892,56;215,22
3887,32;193,02
2654,35;159,64
4882,47;250,26
715,2;48,99
183,04;33,56
3873,78;202,1
4055,06;221,88
689,02;31,74
1401,36;99,53
186,01;55,77
1537,21;138,74
3888,4;215,79
2638,01;163,72
1805,67;83,57
1921,52;138,62
106,63;36,98
1569,02;91,19
3267,65;201,94
4873,55;259,86
4250,6;225,66
215,62;37,91
4502,95;229,2
3937,67;232,21
3923,84;200,35
2344,18;121,46
2050,23;108,87
1584,29;110,61
421,9;31,84
1218,35;60,7
1308,36;76,33
2471,98;143,12
3762,48;190,41
2421,67;123,81
383,44;70,84
4793,17;246,75
4719,35;251,12
3947,43;211,86
4957,51;261,55
2767,96;167,72
4817,56;275,1
470,46;38,93
1891,84;96,04
1204,37;99,34
1059,58;71,55
789,93;85,45
3149,83;143,81
3928,48;219,35
2933,66;195,46
820,12;55,71
4074,51;220,34
3216,18;185,24
2002,01;111,72
3403,24;185,48
1373,53;83,61
1791,44;100,16
4595,68;268,22
1523,47;103,09
2402,94;143,91
4461,69;255,21
3567,83;194,43
404,8;28,63
821,78;52,05
138,42;26,95
3191,52;163,69
2293,6;127,18
757,95;50,16
4793,88;291,56
2695,33;113,16
1285,28;81,57
2552,96;173,53
3430,14;193,33
473,57;54,98
1446,05;93,8
4054,13;212,7
2352,36;103,99
2778,23;161,99
2220,8;119,41
315,11;23,75
912,17;58,12
2283,15;160,33
1125,01;112,32
344,9;40,5
4233,88;224,72
4907,84;247,73
3986,4;226,35
4283,55;260,92
1285,69;80,57
4807,07;224,67
1064,94;83,3
4762,01;272,88
4974,61;244,94
3587,44;202,02
4907,6;272,15
2890,74;163,44
1371,75;76,73
2241,28;147,3
3008,45;164,37
458,1;20,63
3149,48;146,73
4907,77;284,3
1031,53;80,83
3983,72;220,51
4548,7;240,83
4724,14;248,27
4804,66;244,1
2655,15;146,29
4888,81;232,64
3810,82;199,5
892,19;59,95
2436,81;150,99
3619,82;200,39
1311,97;97,52
3239,01;202,19
3366,34;204,19
897,23;71,92
2868,92;163,62
3880,97;199,34
2544,59;158,33
159,31;53,16
144,29;32,35
1849,44;141,23
4638,35;229,03
1220,52;63,71
3208,38;193,25
1188,17;83,37
1676,18;123,52
4255,41;232,54
3671,42;190,55
567,46;45,17
2200,64;107,04
242,93;15,22
2456,36;157,4
3345,93;200,39
680,66;59,48
1515,54;69,96
2049,4;117,09
4605,7;231,91
4966,95;286
320,07;27,25
3828,94;195,16
1921,45;116,52
2023,05;111,55
3795,9;232,05
4600,29;238,99
4759,55;236,99
2927,9;134,1
1849,89;112,03
3958,99;209,52
1329,91;65,06
2863,96;181,04
1857,03;122,86
3317,49;185,45
1277,95;104,36
1038,81;81,88
4599,37;237,63
598,84;34,35
2579,19;161,23
1182,18;85,05
290,76;37,08
276,49;21,13
958,59;77,05
4347,17;226,03
1484,15;92,68
4757,25;279,57
2949,95;157,58
2239,41;108,38
2942,44;151,33
2631,82;166,51
3818;214,72
1484,23;92,28
1829,95;103,86
4481,06;251,33
4737,64;244,15
4473,54;248,26
2155,3;116,8
3923,79;202,72
2434,05;132,14
2537,95;141,27
1102,93;74,41
2996,54;173,36
1012,07;15,28
1724,67;94,12
4289,65;228,61
1114,67;98,31
448,68;26,23
438,14;44,35
4709,84;277,92
2583,91;129,5
2106,12;131,22
4073,31;211,63
4195,55;222,21
1727,74;94,34
3498,73;183,96
3878,5;254,75
3307,79;198,06
842,82;78,67
4391,83;246,97
2741,56;132,98
1484,11;100,13
2183,62;145,27
284,1;21,4
726,55;70,81
3851,18;223,12
100,06;52,78
2141,17;120,79
2660,3;136,55
367,71;32,96
4868,08;284,94
1208,01;52,97
1590,57;68,5
1589,32;100,81
1229,04;74,81
107,22;25,48
3673,79;217,87
4837,54;253,59
1199,04;51,86
3348,93;218,11
3735,29;191,81
4257,28;216,98
2170,88;145,1
1584,36;93,45
1693,95;103,75
3591,84;206,83
4102,22;241,36
989,91;64,49
1917,61;138,68
4519,51;213,94
4052,8;234,04
4925,81;253,7
3795,82;230,37
2026,66;123,46
2994,13;159,61
3338,97;196,89
484,43;57,62
2768,04;168,03
3575,67;183,34
919,87;58,73
3925,1;216,19
2960,49;167,41
4765,89;269,54
307,87;5,17
1400,1;95,02
3047,61;168,03
1553,14;85,08
3600,68;188,9
3819,13;207,74
602,33;-3,9
2617,89;140,38
2593,56;136,54
1909,48;123,47
4671,33;241,48
4154,78;224,51
3516,33;218,95
3600,2;214,93
2362,41;151,65
4612,87;243,15
3503,52;203,32
3672,01;200,09
4322,29;233,17
1442,95;98,29
4054,65;213,78
1056,68;95,23
1792,18;107,21
1744,49;116,5
4894,77;286,57
4297,03;250,33
3535,73;175,65
3662,58;209,8
2854,16;175,47
4740,74;270,42
2531,67;129,88
1964,54;108,37
898,87;79,86
3952,41;206,19
3698,78;200,44
1983,34;142,81
223,45;30,46
4211,09;219,65
155,95;14,63
3548,13;202,4
4854,26;242,72
2244,54;128,52
1251,37;87,57
3553,87;217,18
4103,93;235,21
2777,51;148,16
4838,47;279,6
353,18;33,17
2573,5;130,14
3620,42;198,44
4326,94;257,92
978,35;71,4
4020,02;221,19
2808,26;184,97
2043,11;100,69
745,4;37,99
4339,95;212,76
870,64;69,12
1617,96;103,4
1521,22;119,2
4369,93;242,15
3396,24;183,75
4003,74;220,21
1327,29;88,13
3161,88;153,02
2901,56;205,73
4180,87;236,84
4539,83;250,14
159,57;37,21
3402,7;200,78
354;35,59
2789,41;150
1509,4;104,46
1603,21;105,95
1829,5;99,33
3144,33;198,5
1736,84;111,24
3690,23;215,46
2082,18;144,99
434,93;42,07
3940,42;221,78
1500,22;107,16
2220,56;120,15
3458,68;193,74
1729,04;108,33
377,27;24,52
1932,21;151,38
4727,8;235,28
3244,5;162,75
3390,25;209,23
3198,18;190,61
1075,06;58,36
2149,84;136,6
3779,61;231
596,73;49,38
1461,48;132,06
1453,96;66,84
2216,89;141,25
4903,81;282,69
430,76;54,91
2641,63;149,02
978,89;64,59
4856,32;269,48
655,19;65
2077,64;132,92
3715,64;221,38
3552,32;182,33
2171,37;125,15
1797,97;95,8
2048,3;116,62
1394,95;104,98
1106,13;76,93
2466,89;182,45
1415,82;93,69
1508,56;96,32
3318,1;187,5
4845,83;252,72
3057,82;172,02
477,2;60,78
470,36;45,23
4761,97;246,2
1556,72;83,96
551,13;40,8
3035,32;172,87
3155,88;195,7
3277,67;163,78
1410,27;85,72
174,04;30,87
4828,58;233,92
1329,38;73,96
3412,53;180,43
3562,49;186,18
3089,04;177,33
1633,25;99,25
1428,37;83,09
3028,57;177,85
4343,87;263,04
4739;281,54
618,94;22,11
858,66;71,59
4729,21;253,79
3709,02;207,78
4426,67;235,36
1092,9;76,41
2979,17;171,23
3535,58;188,09
3432,55;178,18
2099,94;118,27
175,43;32,29
2956,34;176,8
1340,2;99,81
2306,25;127,9
4792,15;263,87
2055,27;137,2
4215,03;248,24
1023,85;70,31
3395,06;186,44
4887,33;267,23
599,28;32,72
140,77;24,13
2224,56;142,4
553,86;57,32
3767,08;204,3
4581,29;252,33
2226,7;118,97
1367,69;98,94
2228,58;130,26
3644,89;198,11
144,37;21,79
2988,32;168,47
3105,13;168,54
3224,67;191,11
1285,91;78,37
3598,86;223,84
547,82;69,37
1076,42;60,45
4399,6;241,03
3719,74;196,23
167,35;23,47
1317,04;115,89
1150,59;72,92
1426,95;96,75
1313,04;93,77
406,38;25,31
2348,81;124,61
3690,39;186,43
3072,99;160,36
3397,07;147,1
497,63;53,05
4762,3;288,93
4208,61;232,65
4044,94;201
4132,62;216,99
4670,28;246,63
2766,84;143,08
1081,38;86,97
3122,24;188,27
3740,12;189,67
3715,8;216,67
2655,1;175,66
435,45;70,31
1918,45;158,9
4611,76;237,06
2963,8;210,55
2737,83;151,58
1417,38;81,98
1905,4;120,18
4487,2;235,63
3365,67;194,27
3958,2;198,11
2326,29;132,73
3188,21;198,69
1317,08;85
3556,76;199,96
2195,25;136,89
2268,47;150,98
3281,68;159,26
4687,78;263,16
413,63;36,66
4141,24;229,56
1532,68;112,53
2275,21;115,85
207,38;15,18
1575,13;69,72
2562,89;139,91
375,26;58,72
2506,37;143,51
4642,84;232,04
616,43;43,54
3845,76;189,97
2107,39;108,49
3310,35;191,35
1375,16;71,15
881,51;80,77
886,27;63,25
445,41;43,55
1009,67;66,31
3354,67;199,33
4420,28;252,76
4089,22;229,49
3457,16;201,33
641,12;48,87
1517,02;103,98
1618,05;95,83
1324,79;86,27
2623,53;147,06
2724,21;149,35
1848,74;102,1
1833,57;118,69
4159,92;247,66
3967,53;235,94
1608,2;81,56
4577,56;268,22
4768,79;253,67
1701,04;114,06
1836,68;98,24
2577,61;151,01
4711,49;260,28
4393,97;217,43
602,58;59,25
2024,38;141,41
2811,52;157,96
2565,35;168,67
1049,93;69,65
4308,2;248,15
3417,01;157,57
4205,75;266,57
4307,94;257,83
3766,94;204,08
2252,13;103,03
3091,68;178,9
885,79;42,63
3400,86;196,72
978,34;75,09
3500,35;180,9
1225,03;98,07
676;65,88
909,89;80,13
109,76;25,62
3621,82;179,86
3688,77;219,11
2623,17;147,1
890,68;43,69
509,42;65,75
193,73;61,18
912,17;64,99
4465,19;275,65
1283,53;85,55
1835,93;106,09
616,19;41,35
1189,57;104,03
2644,2;140,51
3077,99;184,93
1302,23;76,72
382,89;32,24
2016,06;136,26
1247,6;76,68
1175,81;72,72
4803,33;277,16
3119,87;199,95
2828,7;171,11
2137,3;117,04
2201,83;122,43
2750,43;158,72
3512,51;200,44
3540,52;182,21
941,3;77,91
2550,55;148,81
2118,59;100,19
4365,58;224,35
3193,95;172,14
2709,27;154,37
665,43;81,61
3067,63;176,95
674,3;41,1
1752,31;110,93
799,93;54,71
3491,16;199,43
1110,64;84,24
2020,11;139,14
4488,81;244,08
1101,15;99,64
2588,24;163,03
2154,43;117,11
188,81;62,59
3984,51;224,13
438,32;29,39
2423,85;165,99
2847,32;193,53
3179,29;178,47
3474,29;186,16
1341,03;84,47
148,9;38,17
3644,87;221,41
2724,72;164,79
4196,98;231,37
4124,8;248,71
4232,3;226,92
2476,96;159,31
1734,78;102,42
3978,64;225,4
2311,34;133,86
998,87;69,11
4289,37;228,81
4424,54;261,4
2384,92;128,25
470,93;32,44
2000,35;151,83
4037,33;236,53
4518,69;210,16
1097,02;66,37
428,17;14,23
4399,02;225,69
2008,08;73,33
2754,63;155,68
4843,52;245,05
426,17;42,21
3276,76;159,46
463,12;44,4
1939,8;110,77
4038,69;244,46
2224,01;152,37
4986,19;281,09
2839,39;157,07
1673,69;133,47
1178,55;55,63
1817,55;89,82
1925,41;115,01
436,7;75,65
1910,91;112,51
2374,77;135,99
3641,41;180,44
3317,97;200,09
3572,95;212,95
140,98;38,89
1166,57;68,89
3342,25;176,51
2471,55;124,18
126,04;27,56
4042,02;205,9
3886,77;196,68
2787,25;153,01
425,67;33,95
3855,92;204,73
2960,2;175,01
3931,6;217,77
3783,56;204,86
4034,71;224,48
2638,24;137,04
787,59;60,96
3388,67;191,69
3140,32;154,47
3737,04;221,79
932,42;53,4
1055,38;74,12
4463,01;260,62
3774,89;222,63
4550,32;248,03
3817,71;205,45
3026,06;185,52
3305,25;195,38
4456,73;233,56
2936,15;154,88
3198,72;148,85
866,74;65,65
2422,21;139,87
3610,35;217,56
1427,62;96,77
1091,05;94,57
1637,75;91,43
1283,35;101,24
1153,07;69,72
2181,77;140,75
4548,41;225,54
2584,59;152,76
1020,81;41,27
477,16;39,85
3511,17;202,16
1975,71;110,97
4126,97;210,59
3331,6;199,27
4001,58;218,53
1432,54;84,28
3492,56;195,26
1393,9;129,25
4701,44;272,37
3218,23;198,35
1690,11;111,04
1420,61;93,53
1035,54;35,84
3503,74;185
1171,71;71,38
3016,99;142,73
1396,71;72,47
3343,65;157,47
4093,2;224,09
3912,32;227,9
3828,17;228,01
1019,84;77,21
533,09;32,2
3524,85;167,26
1904,9;88,89
2218,5;111,89
252,63;19,3
1371,92;86,2
265,01;18,04
4408,01;245,49
1292,64;81,15
2830,95;161,71
291;51,65
3367,55;170,67
1682,83;110,42
4499,8;244,78
4451,78;237,59
1693,92;117,98
4514,71;258,92
4981,17;254,86
4144,54;224,49
4239,87;236,21
1320,14;81,91
2925,84;175,07
429,55;45,7
565,1;75,74
4994,57;246,77
1700,53;103,19
3766,1;194,68
4052,66;231,69
4304,31;210,96
4988,38;274,61
1283,33;74,72
297,72;23,87
2114,84;104,04
737,4;49,89
209,89;46,76
1866,09;112,93
3940,32;226,43
2874,29;188,68
1632,61;105,59
3306,28;176,93
1236,89;88,85
170,47;20,36
3845,33;204,7
3156,34;155,02
3835,28;225,66
290,8;28,75
4201,89;232,83
3135,68;161,24
2860,64;169,57
3160,61;166,6
4335,72;234,66
2975,99;181,97
2946,66;179,19
4954,33;267,39
3807,98;183,88
2267,24;178,25
3566,25;224,5
2007,23;131,2
1221,49;69,78
3024,57;169,52
4648,09;244,25
4652,78;271,6
1775,34;112,7
2685,62;142,52
1137,02;69,79
4978,59;285,75
4907,48;289,38
3282,59;207,05
4041,63;233,44
3603,99;196,41
3006,48;121,7
361,41;42,53
2328,35;136,39
3406,45;192,42
3419,9;191,8
1928,3;96,52
4714,29;264,08
920,05;75,49
2551,76;157,82
3485,33;208,47
3515,97;204,86
3278,33;177,77
1448,91;91,38
865,41;64,64
3216,11;182,42
3036,58;186,8
978,84;78,6
3555,18;228,92
2330,34;169,61
3372,03;189,8
4203,1;172,61
931,67;85,14
193,81;21,58
3917,6;203,86
3087,52;168,4
3528,23;189,71
4206,96;239,53
4033,77;198,3
4808,51;244,26
2726,08;161,45
2493,63;154,03
2069,25;133,09
853,09;50,85
2905,78;150,61
1457,36;85,27
4614,41;254,32
2957,63;190,16
3004,92;139,53
1839,13;108,65
354,75;17,75
255,54;7,99
2174,34;143,22
514,37;53,89
3073,55;180,42
4416,77;254,65
4426,28;234,12
3329,32;179,98
1135,04;109,54
4328,68;232,74
4441,86;253,12
1063,6;73,28
3713,39;177,95
1503,95;64,53
4032,94;212,96
4986,47;285,16
247,13;44,18
4497,09;258,57
3150,89;162,74
4869,57;287,72
2378,55;124,45
4252,2;235,8
405,73;40,13
1742,87;104,54
428,38;61,5
4879,18;253,38
4103,17;204,91
4277,48;234,17
4696,03;248,8
517,01;96,51
1989,43;129,62
448,07;36,26
1132,89;60,8
1223,89;52,99
2398,63;124,55
1415,95;92,52
594,79;71,15
920,71;82,86
821,65;64,52
4868,08;258,56
3820,53;215,06
4842,03;254,32
2254,73;158,51
1464,01;90,36
4011,64;219,29
1698,64;71,69
1566,98;95,42
1239,28;94,51
735,43;40,76
1356,67;76,57
1841,07;123,94
3402,57;167,98
406,57;56,2
1131,48;68,59
4064,22;217,38
819,92;44,14
1778,96;114,62
4336,83;273,74
859,13;74,68
505,41;32,31
2474,24;160,75
1581,86;94,34
2860,7;183,65
4038,64;234,03
772,03;14,45
2945,43;152,21
2576,99;163,02
805,99;62,57
3157,59;162,52
1440,84;82,54
2490,39;115,93
503,13;43,83
2351,96;170,76
1601,67;112,16
4129,67;259,34
379,2;52,2
2151,18;142,97
2346,31;166,93
3652,53;208,29
2914,01;162,89
3369,34;203,96
3907,54;237,18
4324,79;229,04
1637,99;91,08
2736,31;158,9
4216,53;243,3
4948,31;279,39
4458,64;221,57
1920,19;144,68
1056,32;63,2
2498,02;140,93
3734,04;193,16
2513,59;186,15
2467,59;147,01
4207,33;217,6
1870,88;126,5
4312,99;247,19
2093,34;121,85
1708,34;118,03
2324,55;123,85
3835,99;204,41
717,41;25,72
1062,45;53,26
4762,08;285,22
959,91;92,62
2881,86;165,08
2938,64;191,88
2499,16;142,56
3259,25;179,31
1226,15;82,16
2808,05;158,53
1923,65;112,95
3342,17;204,26
792;61,85
2897,3;175,55
1007,82;85,86
1465,35;99,09
1171,68;64,03
995,91;49,5
4145,98;229,53
1499,97;92,43
4642,91;253,46
4852,64;262,39
2899,18;203,71
800,71;40,08
1935,29;86,92
4008,89;225,43
1900,21;109,36
526,38;51,06
2828,25;170,17
4241,09;251,32
4000,04;197,39
958,1;59,55
3396,55;196,26
1180,47;90,58
1169,22;111,36
4382,95;253,48
1323,38;85,32
1389,91;76,14
103,2;16,7
4366,28;229,42
3983,71;229,01
3173,91;182,55
3776,3;188,96
845,04;55,71
2345,79;150,45
1820,97;116,32
559,5;56,5
2482,04;149,85
4611,62;274,98
296,29;38,36
1528,16;90,62
1116,95;62,11
1266,92;87,09
4551,33;210,96
2393,54;136,91
2384,87;136,16
3826,82;190,87
857,01;48,93
2487,6;156,52
2206,93;133,81
3024,86;172,77
4997,83;274,49
3870,3;214,9
2049,54;141,12
4155,01;229,6
936,47;44,95
249,27;56,92
1101,8;80,64
1768,02;99,56
2601,85;131,29
3114,13;181,65
4561,97;246,34
2598,28;173,53
2556,25;142,62
346,19;24,75
271,07;46,99
2800,68;173,91
2247,08;134,88
4211,98;240,74
887,33;63,8
222,36;34,63
2300,29;152,49
1263,64;92,56
343,11;34,62
3650,53;222,81
646,81;16,87
3080,77;204,82
1477,14;68,27
950,13;58,1
1960,78;117,43
4027,08;219,16
2021,26;136,16
3778,77;193,07
714,88;59,66
3886,58;205,66
1260,97;87,48
3419,23;189,99
2872,33;165,01
4652,81;244,39
1997,88;112,24
424,21;45,52
193,86;43,85
4151,61;218,61
2671,2;140,53
3898,7;224,14
1248,69;81,95
1790,91;122
247,51;18,79
4811,31;233,87
3372,55;180,63
4672,7;242,14
1400,93;88,86
3096,17;165,26
3424,65;202,35
1655,99;98,48
4255,74;235,04
4741,09;259,42
4435,79;244,71
3721,43;205,71
1459,58;100,64
1479,92;82,06
4820,47;282,01
150,39;23,97
3608,64;180,76
3560,61;200,85
3151,18;164,79
4951,53;277,56
1628,21;134,55
1765,86;96,49
486,8;49,33
2269,71;107,15
1379,14;95,77
1782,59;95,84
4189,4;220,1
4683,87;237,67
1010,09;81,49
1925,29;131,37
4650,29;252,87
402,86;27,18
552,57;71,47
897,68;53,63
3016,54;138,4
837,31;68,74
4843,57;245,61
2288,9;149,27
2557,44;142,15
1308,63;94,49
2407,71;161,41
3343,38;169,04
3780,77;200,55
3793,95;208,56
2931,67;189,65
4531,36;236,69
4105,3;216,35
3809,54;217,65
372,47;29,96
133,7;28,97
1140,99;53,78
3351,27;220,78
2114,87;105,53
2071,79;118,76
4434,48;241,24
4488,26;273,1
4554,96;227,88
1638;131,66
3486,17;205,67
1431;97,81
1033,99;56,93
1004,7;78,8
1776,33;97,96
2206,79;149,34
4171,65;214,02
687,47;52,68
3701,14;196,73
2704,13;140,39
1510,93;106,67
2514,82;153,77
1569,72;116,62
3020,8;144,34
2225,84;147,25
905,59;102,86
671,26;46,79
2778,81;187,37
4521,82;242,14
1785,39;88,68
3691,7;200
3327,44;202,1
4664,62;240,66
4122,81;217,14
2876,37;172,72
3319,45;186,02
4502,09;253,87
2057,64;126,45
1701,29;112,26
152,97;21,16
4150,1;230,98
4024,81;207,33
611,83;69,92
2926,6;156,82
2373,51;155,61
681,67;50,58
4904,78;268,27
1152,01;70,18
429,45;26,23
3014,75;144,57
3720,45;190,19
258,97;28,09
3327,72;189,56
2708,23;170,57
606;43,61
945,37;54,04
2883,07;142,51
1552,15;104,81
4697,75;275,64
4111,83;244,59
4919,48;276,62
1372,39;98,2
4851,65;288,05
2213,05;135,63
1802,84;119,83
346,71;32,52
358,55;17,5
3490,86;184,29
2343,85;137,06
1209,96;81,41
3108,45;204,32
1339;88,17
2930,4;184,2
1860,12;106,48
4135,41;222,1
4121,41;206,14
2439,02;130,82
1819,01;118,86
1876,54;113,94
4048;236,54
1708,08;108,12
1124,39;70,93
514,97;77,97
2386,8;137,93
2462,45;160,57
4220,45;225
1184,07;89,85
1966,86;132,26
4061,19;226,19
4135,76;191,47
1984,59;119,5
2349,71;155,94
1586,1;107,22
4669,52;260,16
681,35;28,23
4675,37;242,96
3450,95;198,72
2704,7;161,39
260,03;51,22
2430,42;139,35
2097,97;130,99
889,97;64,74
3316,41;171,02
4858,64;229,1
2854,73;169,2
3602,29;202,72
435,41;32,5
2146,57;103,04
670,16;62,95
3102,7;171,15
4698,56;263,28
3342,71;215,1
476,33;11,7
1837,86;101,4
2798,25;156,77
2075,72;145,61
4184,86;204,7
4091,89;253,63
3097,97;176,94
1929,94;115,06
1351,15;84,59
618,78;44,4
1839;127,67
2124,55;110,2
3411,53;195,76
3324,98;180,49
443,53;30,74
2036,77;160,63
990,72;75,82
868,38;72,62
4153,78;244,76
305,38;13,95
2154;153,98
924,2;28,58
4408,72;228,9
2829,5;154,59
1233,77;90,41
2561,89;151,38
3684,28;201,71
4794,78;259,56
1180,19;64,34
4442,29;219,66
4678,09;264,8
4590,46;259,93
3213,53;204,44
3186,12;167,46
2075,73;134,18
3786,75;205,08
2703,34;173,02
3419,45;206,3
2199,44;133,14
3684,33;199,12
4139,91;241,41
817,54;70,58
4181,36;218,8
2747,45;137,46
4238,86;227,62
2213,38;153,4
1957,3;135,06
4583,8;232,5
1330,73;69,02
4236,64;250,95
2471,7;126,55
2619,07;158,59
1611,49;91,33
2907,91;189,65
1693,53;93,12
292,42;51,77
1432,79;94,41
131,26;30,35
4893,94;235,14
4832,16;228,56
2036,26;118,5
3669,02;207,15
1794,45;92,84
3388,36;173,09
4046,61;230,75
4739,11;265,4
2061,04;120,99
3938,16;228,61
1403,05;72,54
4952,63;262,29
226,27;56,03
3057,29;173,89
3331,58;188,47
3471,42;228,16
689,9;33,5
4698,8;266,89
987,8;94,35
3151,49;172,7
1191,11;92,45
1605,36;85,54
2777,65;148,58
2144,25;132,99
885,11;76,23
937,59;83,69
2148,91;150,99
3810,69;209,52
4500,03;262,91
512,23;40,48
2026,21;134,84
591,2;52,67
181,3;35,75
3342,42;193,47
3052;148,53
898,79;48,08
1245,68;83,82
216,17;5,5
4191,24;242,03
4875,98;276,87
763,75;63,1
1234,23;64,89
4355,21;258,46
4639,67;282,54
2156,17;130,01
348,05;45,06
293,02;37,68
2912,35;173,57
2025,19;119,47
240,4;31,5
2957,94;181,48
155,38;62,95
3958,12;196,91
1601,52;98,52
297,26;17,16
2982,93;193,03
2048,65;113,62
4871,62;241,93
2766,57;167,9
1448,67;118,6
3576,25;208,77
1430,31;94,59
4530,79;252,68
1936,14;138,03
2794,36;146,6
347,81;35,71
2187,99;122,61
4178,58;211,41
4047,68;217,46
1199,16;96,57
1207,79;88,89
4104,8;234,9
4658,95;255,14
567,27;56,21
2305,29;123,26
1753,53;103,03
4366,37;241,2
509,27;49,63
1134,52;81,53
3787,09;207,28
351,34;31,91
2513,42;193,04
2266,32;146,92
1738,57;113,13
2033,4;118,17
2696,71;148,07
890,7;62,57
2902,78;169,53
4046,62;194,12
3824,79;187,7
854,11;53,15
831,32;64,67
1414,05;87,11
1869,27;135,64
2101,43;102,84
3430,52;180,26
377,73;61,69
269,9;35,46
2020,36;134,29
3516,1;226,57
1047,83;61,98
3243,37;180,68
1373,16;84,57
4441,82;212,77
4488,88;239,79
1556,71;111,05
1226,97;89,46
2115,39;135,06
1278,6;78,3
3394,68;179,89
4147,72;246,42
3398,15;182,45
4139,32;231,38
2045,26;124,71
865,95;85,22
3715,96;220,37
1866,33;93,89
3389,23;171,65
1426,16;99,99
498,03;43,94
4963,65;261,35
865,39;78,5
4943,26;269,98
4888,67;265,22
3989,71;231,18
3331,17;180,93
2931,25;190,09
4343,9;225,37
1518,25;105,77
2391,64;161,09
3135,01;156,09
2114,83;120,59
2194,68;146,87
1718,39;123,28
2864,74;160,66
4267,82;222,37
1087,49;88,71
4678,72;271,69
3476,53;176,36
4134,04;208,64
2825,33;164,65
3919,63;225,42
179,38;24,48
4110,06;235,69
296,68;24,18
4460,58;211,31
4960,62;261,67
1540,93;98
1130,56;72,39
3850,28;195,13
1339,83;59,76
4341,26;229,35
603,93;63,66
717,18;74,7
4897,84;282,71
3401,81;177,85
4249,75;215,18
1689,21;111,91
3414,77;200,27
3011,78;176,59
3055,44;142,56
3444,41;179,22
2919,26;165,52
2202,41;137,43
1452,02;104,11
3866,05;215,47
1208,73;85,4
3492,54;195,9
1243,33;92,45
3164,12;182,9
3760,68;209,02
1171,7;74,56
393,72;40,91
741,77;64,36
3069,39;177,48
4262,29;238,83
320,48;56,17
3697,34;208,84
1772,46;98,89
2444,79;155,49
4651,41;232,08
1726,66;90,11
2380,15;144,05
167,04;36,1
499,83;26,32
1367,1;82,61
236,48;22,73
3193,74;172,39
2189,35;143,62
2785,91;169,89
955,77;67,5
1550,07;89,31
3352,74;167,39
4829,98;282,8
347,04;46,23
4462,88;232,54
2926,72;177,13
2863,21;162,11
2551,36;143,26
440,03;48,53
540,4;35,9
3044,47;167,07
1770,7;110,36
4594,61;242,24
2092,29;134,65
802,08;88,14
3602,12;188,79
1537,43;71,89
2674,8;123,71
3519,38;193,71
4511,29;235,62
3981,74;222,2
3414,17;192,7
3430,2;167,46
4735,03;229,53
1549,54;101,92
105,45;27,3
1432,58;85,24
1167,67;53,53
3342,99;194,22
3205,19;199,34
3007,96;174,57
179,59;16,27
3671,01;204,22
1685,3;83,77
3358,77;203,81
2827,23;162,59
1779,38;82,45
759,42;53,46
562,65;55,08
4174,44;223,73
4600,15;245,87
3283,96;165,83
606,83;58,84
2069,93;113,77
3671,8;171,24
3921,12;210,49
679,27;68,68
100,15;19,2
3589,47;225,54
1847,32;118,8
1346,96;92,43
163,2;26,23
2747,47;156,35
4270,64;229,58
4792,4;255,09
2872,15;171,57
2620,86;137,01
516,78;29,7
2789,48;142,63
1961,9;148,78
3074,96;181,7
2004,76;124,81
1277,47;68,01
565,33;57,62
1643,1;100,41
573,56;51,89
966,8;53,69
4937,95;269,3
2276,11;127,45
2706,17;143,82
4380,73;250,05
4978,29;245,85
2955,3;176,24
4081,12;234,32
1702,01;91,91
1598,15;87,6
2073,25;120,32
3395,29;193,99
3442,74;189,84
1644,67;108,74
752,73;84,08
3198,74;172,32
728,8;30,71
2934,61;179,12
3497,77;220,14
3533;202,54
3792,01;193,28
4377,01;236,99
2549,8;130,71
3678,22;213,55
3133,95;156,43
1014,54;66,22
225,88;16,23
1494,25;96,62
2270,87;128,05
3123,82;178,84
4264,8;233,58
1061,6;58,28
715,19;65,16
4821,05;260,32
629,42;36,64
2444,61;175,84
2969,26;175,61
2752,73;155,34
521,56;67,31
379,43;66,6
616,87;48,66
2969,38;173,68
2767,29;143,54
1245,33;80,06
3225,09;178,27
4118,33;228,69
303,74;40,18
2540,84;155,44
3477,62;197,45
1336,33;68,66
1608,08;86,33
3106,83;167,15
4499,88;240,76
4068,63;239,19
2957,34;150,42
3678,09;198,54
1887,63;128,68
3240,73;177,54
2384,29;146,12
1030,69;69,44
3538,52;200,78
2826,68;157,91
1857,25;122,87
4565,56;225,1
202,58;24,68
1647,29;106,81
378,72;46,94
3855,98;235,19
3540,33;191,15
1723,63;128,37
3410,75;180,65
2040,09;141,93
3805,64;222,54
2325,5;122,57
2120,17;130,61
4680,18;253,24
1329,31;95,85
690,19;51,16
2964,26;163,6
4849,68;283,02
1951,41;116,09
403,98;52,6
1762,6;104,75
2579,07;173,95
893,42;54,5
3324,7;177,02
4988,97;292,32
2313,52;129
1838,17;135,92
2063,45;136,55
664,22;50,89
4428,04;214,2
2132,65;126,34
1997,64;121,41
3332,48;204,13
2265,96;157,12
3276,34;173,54
401,09;52,07
4087,24;235,84
4708,47;271,52
3278,95;191,43
4777,37;229,73
842,02;59,77
2439,34;124,63
3048,85;169,4
2950,51;182,23
2067,16;127,94
1756,61;125,05
721,44;61,2
2019,54;101,5
897,04;27,04
3698,39;207,15
1123,27;72,95
386,97;24,69
2806,59;134,82
3016,63;159,81
4372,37;235,7
2927,21;176,35
1792,86;112,47
4034,76;245,86
2747,37;141,83
488,47;57,64
2872,67;164,34
4549,29;257,88
2041,93;115,55
1552;113,68
803;64,58
842,08;51,91
2220,58;130,85
3018,83;167,35
495,02;52,09
4703,89;237,5
3800,15;209,57
2974,46;174,65
4159,35;228,46
492,92;64,85
2436,51;153,44
3187,46;179,26
4160,4;231,27
3939;221,39
1457,64;98,93
4710,31;228,13
709,29;50,94
4388,15;217,14
4857,61;282,05
968,05;67,49
3638,12;199,01
297,4;48,32
2086,57;130,66
2629,79;134,56
2945,16;166,19
4686,09;249,28
3394,03;163,53
2458,26;132,56
4067,41;220,62
4757,61;256,16
208,12;8,17
4914,35;282,99
522,05;44,57
4090,5;225,09
1473,64;99,69
747,68;45,56
2255,29;139,61
3255,39;177,26
1966,66;104,88
367,37;46,97
3037,36;194,24
4521,78;256,96
1977,76;132,73
1160,03;70,19
2268,63;109,47
336,98;59,2
4120,39;256,84
4149,07;250,6
2981,2;164,02
1830,2;94,19
4018,94;204,96
2817,97;135,64
4147,07;225,74
3194,15;203,79
3943,59;215,05
3032,96;176,18
2129,29;147,1
4793,93;253,64
2751,46;188,11
3064,94;203,13
1180,39;77,05
3165,69;169,62
2900,88;175,5
1005,71;65,07
391,98;22,25
3061,36;192,29
3842,09;230,35
2664,67;155,57
1211,19;61,62
3365,96;169,85
492,52;46,23
2264,99;125,75
900,5;59,91
1003,85;85,52
1091,24;85,56
1994,86;140,42
350,64;22,67
2049,19;117,31
2607,37;161,75
2468,14;150,13
1975,64;141,77
4211,82;236,9
812,1;88,33
2577,91;157
404;56,13
448,66;37,58
2911,94;165,81
2873,49;177,34
4402,36;264,31
2833,58;172,62
4802,98;258,9
338,6;57,59
580,24;16,13
315,92;14,46
1007,86;80,62
2752,22;157,82
3263,3;192,25
323,37;37,13
4735,26;265,33
4226,61;219,11
1553,4;106,23
478,22;58,83
932,45;84,93
722,03;86,3
704,09;58,87
2640,95;156,16
1304,65;62,39
1854,88;104,77
4948,58;264,53
3453,14;208,41
4750,01;248,34
798,53;71,87
1972,48;118,6
2818,19;158,25
476,11;47,54
120,52;20,16
3385,13;182,82
3244,92;156,67
2112,87;121,92
2499,26;137,76
2135,67;119,04
217,62;37,13
1743,32;117,05
967,7;71,87
582,28;64,05
4787,93;268,03
3036,86;167,42
3670,42;196,58
1645,28;106,96
2026,42;129,93
1260,93;104,01
575,13;66,62
977,26;60,74
4007,82;218,86
3419,97;201,06
2779,95;175,02
2427,94;155,48
4619,93;250,04
456,4;24,01
1474,94;78,76
1814,7;114,82
3933,89;221,83
4963,32;251,69
1279,29;84,63
4384,11;248,67
4170,05;211,23
1200,82;96,62
2056,73;117,17
2107,4;144,23
4893,28;256,66
986,37;53,92
4015,87;213,92
1737,54;105,45
3681,26;198,24
2158,05;124,66
2933,96;171,71
4179,8;226,42
4040,41;221,03
4345,47;211,64
392,12;45,48
3491,05;193,21
785,94;83,45
2137,51;112,78
2788,08;132,28
2073,42;132,94
2646,1;157,5
4982,98;254,02
762,56;35,18
3409,73;213,55
2040,4;143,23
751,75;20,28
877,81;57,02
4751,44;282,53
4410,05;233,36
4544,51;239,87
4958,51;263,68
1120,75;59,22
1841,65;86,51
3379,17;204,75
2470,63;115,89
2150,11;131,21
1853,28;125,96
3009,53;148,71
2920,41;152,16
891,14;82,75
2411,53;148,57
2812,01;151,34
2894,41;182,75
1129,53;94,57
3737,13;210,89
223,48;17,67
1838,68;105,73
3923,04;220,45
2863,08;160,32
1379,7;103,07
3505,27;172,32
2880,22;141,6
4001,59;222,79
3701,62;197,71
3089,53;165,07
2492,07;118,08
752,59;57,92
1380,53;88,24
2153,59;137,48
3036,57;172,86
2617,17;148,87
1512,1;113,26
131,68;6,9
2531,57;154,62
1499,57;69,91
3699,58;192,4
217,34;12,68
2965,66;180,01
4713,22;254,68
954,61;67,53
2411,08;123,95
547,97;42,9
3165,84;166,84
2797,61;165,63
2096,09;109,94
2654,75;172,68
4493,22;219,53
1061,84;60,99
210,57;55,69
4322,16;229,58
2927,87;146,67
4464,23;246,5
3025,03;164,12
4069,79;210,95
2205,4;113,83
3774,31;250,24
4573,9;244,92
2903,4;136,29
985,85;91,7
1417,11;100,02
1073,36;62,17
1309,6;71,48
1601,44;110,17
2820,16;157,3
2981,16;140,17
2189,85;156,3
3115,56;169,27
499,72;67,42
530,16;65,68
941,96;52,08
2638,58;167,43
1148,57;67,66
1488,09;66,4
2061,53;116,71
4078,14;229,87
167,92;21,46
3281,96;179,49
3377,5;206,03
4013,41;222,27
4670,49;240,87
198,68;40,46
853,54;65,64
4442,24;204,29
2346,74;143,76
2866,49;169,2
3348,83;187,74
3427,43;204,75
4665,53;243,19
4985,05;274,3
3628,77;177,93
1507,38;101,48
4410,79;269,84
341,18;22,14
1232,3;70,22
4497,19;234,21
1355,34;89,72
1181,19;63,11
776,81;65,16
4309,65;248,18
2550,29;155,53
3406,98;163,82
1271,43;98,5
3814,4;224,78
3824,03;223,65
1631,73;107,18
2112,34;128,92
1127,48;91,86
4885,15;293,11
3263,45;168,88
4679,27;270,14
1586,59;98,04
3931,27;214,62
3852,71;189,59
3489,11;190,18
4831,63;246,62
2028,42;114,46
740,51;40,55
3391,37;182,84
3673,62;197,59
2917,8;167,34
1113,41;51,45
2571,83;126,91
1629,73;106,92
2194,59;117,77
3261,57;199,2
3751,55;210,96
1237,9;91
2086,09;145,47
1418,89;86,3
1073,29;65,05
3938,6;230,01
4555,34;255,41
1914,14;112,9
3781,27;229,94
4495,28;241,58
4246,01;232,79
995,79;70,11
4785,83;245,27
1945,71;118,45
1762,28;129,07
405,91;46,97
2482,25;144,58
634,17;49,28
1317,85;90,86
1653,02;113,9
4063,25;232,3
4389,89;234,52
1582,08;103,98
4307,62;242,58
4300,43;219,91
3846,79;214,86
818,81;28,52
3482,58;201,37
4730,62;266,44
3444,45;203,44
1724,92;100,32
2552,84;152,28
3264,05;204,56
2601,8;171,3
687,77;53,95
1629,11;103,55
4031,74;238,25
4320,95;213,54
772,77;53,79
4766,7;278,37
1711,23;120,19
3345,34;192,81
3783,94;186,61
4078,54;223,18
4734,17;247,86
1633,31;106,63
4306,68;223,19
745,27;41,88
3554,7;166,76
3735,69;225,11
3420,84;185,05
1336,34;89,17
4377,91;238,86
927,41;50,36
362,81;19,25
3615,58;185,7
2429,83;130,64
4260,58;238,53
1978,65;107
924,57;92,43
4198,57;245,34
2789,66;171,61
1027,06;69,56
3629,88;224,21
2604,46;146,95
3061,13;172,59
2358,4;140,47
4160,67;238,56
4164,86;237,8
3576,01;191,67
616,47;42,83
4210,38;240,12
3387,96;200,13
3515,42;189,87
1878,62;90,12
4408,47;237,31
3654,32;212,07
651,69;79,67
2098,11;106,94
4443,26;235,76
331,26;30,72
4810,94;280,88
3427,9;190,87
3193,74;166,08
1425,74;99,67
1319,08;79,88
4716,09;237,44
1561,54;84,69
3899,98;241,01
2026,3;127,08
782,34;60,73
152,5;23,88
2766,86;162,73
4881,32;268,27
1908,77;119,82
1850,24;114,23
1786,05;122,33
2650,66;152,88
2259,26;118,29
4411,58;231,39
2577,05;119,17
2588,01;179,8
778,02;71,84
4915,42;253,32
1324,87;82,02
459,48;33,42
3349,42;210,61
3017,3;149,57
2134,21;128,43
2168,74;126,81
3946,81;229,74
1058,99;71,39
4119,24;199,59
3278,86;180,18
2152,95;113,07
2344,34;138,41
1357,57;109,39
3785,36;183,18
2613,09;138,65
1672,19;95,32
3020,65;165,31
4979,1;280,06
2232,79;129,04
4611,39;256,81
1790,58;100,14
368,19;41,86
1100,79;86,71
2151,61;116,6
1176,21;90,53
101,11;25,84
4583,51;264,86
4235,01;228,73
3737,23;212,58
922,29;65,51
689,78;53,05
431,26;45,45
3647,74;210,44
4651,16;233,81
2209,63;151,99
683,79;26,29
2610,72;140,26
1809,28;109,05
1936,64;123,02
3144,52;200,87
3621,72;173,21
641,96;44,48
274,39;1,82
4972,22;269,09
1240,37;86,09
363,77;62,05
1030,39;73,33
290,89;50,21
2019,87;129,75
4031,77;215,06
1772,1;87,47
2276,5;137,95
3410,38;168,14
2593,58;169,11
4321,08;233,62
4343,57;255,11
148,56;20,22
3912,43;219,65
2357,59;141,02
4945,32;266,59
2467,84;136,9
4935,79;272,68
3797,39;195,98
1318,16;67,77
2738,14;175,55
4961,46;278,98
4301,9;236,08
577,1;73,83
3561,22;194,04
1793,34;129,51
134,21;29,34
2077,06;108,48
1250,3;110,24
4112,46;240,48
1752,92;105,83
4154,87;238,65
102,93;19,09
1608,31;112,85
1281,71;48,22
1244,48;66,93
434,11;56,39
1016,91;67,1
2822,19;164,22
1527,67;76,18
2145,23;154,98
1946,65;135,19
4391,93;236,59
4535,97;240,73
2515,49;161,22
1717,76;135,63
623,32;65,47
4771,67;291,16
395,11;25,92
1558,49;85,63
1560,52;80,19
1669,97;110,12
905,01;67,88
3937,49;214,6
700,24;67,15
3211,04;199,04
706,85;32,46
445,62;33,33
4556,2;260,11
1031,63;64,57
4124,13;214,23
2768,69;173,71
481,5;24,73
4781,7;254,56
1310,11;90,44
4312,26;227,01
927,17;78,11
4284,32;225,68
164,82;49,37
2607,72;148,5
3870,27;223,58
4680,5;265,22
4555,09;238,34
4116,16;195,01
4452,14;248,02
1076,18;74,89
1492,5;102,96
1515,95;92,4
1947,56;110,92
2027,27;151,49
2768,32;136,33
883,41;75,18
3487,11;185,74
921,08;61,02
1620,51;96,27
2566,39;136,27
4002,56;228,7
3723,4;227,03
3263,12;190,21
863,29;64,72
2780,52;144,23
528,49;54,18
1949,08;149,8
2126,23;120,6
295,08;29,11
1442,54;83,71
4782,68;251,79
4772,8;217,46
1826,4;117,4
311,19;22,88
977,57;44,72
2021,87;132,39
4744,12;240,98
791,88;54,51
3841,23;234,06
632,54;30,49
4908,16;242,42
1969,92;122,54
3898,65;232,17
1778,7;85,32
3175,58;184,89
1040,88;80,76
815,5;29,89
4696,51;266,8
4596,47;262,97
4448,6;237,75
3164,62;197,02
4060,51;240,07
438,28;43,46
1740,47;100,25
1637,15;87,26
3214,66;180,17
1844,19;120,76
827,68;56,52
3022,69;138,17
4090,48;243,55
1972,41;121,47
748,12;51,71
1063,77;86,05
1263,67;106,05
1569,5;56,45
3249,7;189
3044,63;150,83
3510,79;203,03
1876,26;115,73
4137,59;236,42
1100,03;67,51
2398,3;111,82
4024,6;214,47
982,78;75,24
638,33;67,15
4430,05;223,93
1780,36;124,42
3450,96;182,83
224,21;36,65
3481,23;186,41
1648,9;105,18
373,13;52,03
3088,08;156
1279,94;73,8
1995,36;122,54
494,85;80,77
821,1;48,11
1560,09;128,61
539,82;77,06
4563,05;246,69
129,63;22,01
2470,92;133,16
703,91;54,17
1607,63;79,28
4637,69;250,74
892,3;87,07
4832,58;252,46
1108,39;71,81
3733,67;181,17
2778,72;164,55
4433,95;245,66
2814,57;161,68
2719,34;152,71
1057,74;68,5
914,52;73,25
4590,8;249,11
1706,41;110,04
1923,2;119,38
3823,14;228,01
1760,24;118,17
4765,11;261,15
3715,85;228,57
3027,4;177,67
4416,39;260,39
343,07;46,26
1359,61;60,35
2378,68;158,51
1212,19;82,64
3745,14;206,48
4604,12;254,43
2176,47;123,65
1776,45;112,23
4811,6;251,7
2279,78;153,1
2496,34;143,11
1823,08;105,42
4556,79;233,97
2887,88;168,43
3834,66;214,54
4077,85;229,72
1775,06;93,34
2225,1;107,24
4257,51;242,26
1879,95;136,27
3990,28;204,12
4710,86;279,38
3153,73;181,95
3733,97;206,59
4044,98;216,29
4240,69;211,27
2035,76;136,6
351,19;25,93
2069,19;111,76
3401,41;204,95
2306,72;107,09
3769,92;185,64
1849,21;112,19
3210,25;184,91
1013,46;77,94
3771,91;204,07
2773,91;196,65
1099,92;71,58
1530,36;93,06
3768,18;196,45
2464,75;145,1
1158,55;87,15
4839,63;280,04
3604,11;177,87
4789,96;255,81
2192,81;136,34
2427,99;150,21
4499,98;245,1
2672,74;161,77
3565,67;186,15
1335,65;110,15
2288,96;149,34
704,9;35,07
1109,3;59,34
104,62;9,53
292,4;44,79
4888,69;245,16
1287,53;79,41
3350,22;194,33
4211,59;229,59
2798,24;163,8
850,41;46,53
3667,77;212,31
3041,23;162,86
3683,13;199,29
3871,76;217,15
4879,51;265,52
2910,46;165,88
1774,04;97,44
3277,48;179,38
435,36;41,8
4497,25;224,24
684,97;47,31
1706,43;111,14
4097,15;205,7
3026,83;188,69
2028,81;140,48
2419,83;122,31
4287,28;254,73
1766,02;106,15
4361,28;244,34
531,86;39,14
3906,31;229,16
4252,98;238,74
990,91;57,33
2208,7;112,96
910,95;43,64
3562,36;200,94
2723,2;164,75
3213,08;190,42
1062,79;71,37
1137,55;59,52
303,34;24,94
1678,13;121,19
2842,75;154,87
4303,88;237,35
3367,94;172,26
2233,44;136,72
4770,29;251,65
3624,3;216,92
4657,81;264,49
2685,18;146,82
1368,63;86,53
358,85;29,68
3657,82;181,6
694,38;41,86
1583,6;102,15
2709,11;160,33
2865,64;165,51
3042,86;167,62
914,65;79,73
1960,71;118,99
3124,25;186,76
4852,11;236
3665,39;144,43
4620,76;255,29
3834,84;190,37
2999,41;166,78
1040,91;67,51
3366,76;212,15
3154,56;183,73
3052,1;175,09
2499,95;157,55
2690,42;160,05
1738,77;100,07
2644,63;168,3
1068,02;56,75
4045,35;227,12
1010,31;47,3
516,33;48,88
2237,61;134,78
3325,71;211,43
2244,81;108,77
1456,1;83,79
2835,04;174,09
1800,31;115,05
4671,05;256,26
4620,96;236,71
2561,62;139,22
1706,63;124,01
3711,95;204,82
279,89;39,63
2426,37;139,59
1747,98;89,65
4610,63;264,54
158,81;35,49
2808,79;195,02
3729,25;191,23
2476,59;156,17
518,47;26,25
4865,06;265,61
2638,25;166,56
3109,51;144,39
1259,39;79,9
2469,14;135,01
2202,83;119,61
466,99;49,13
620,19;67,82
4203,62;228,18
1275,12;86,84
1055,3;74,48
2574,07;148,73
3866,86;197
403,54;56,8
2926,36;170,75
684,13;60,13
278,66;21,84
358,45;31,03
4187,4;226,73
678,07;30,89
321,24;10,74
2245,71;123,27
4235,57;239,62
1385,8;79,49
2166,39;113,04
295,62;22,56
2300,48;128,19
2930,3;161,21
2897,44;197,36
1728,89;122,26
1646,11;117,68
622,46;68,65
1897,31;99,88
587,52;31,04
3856,32;196,21
4834,74;281,75
4853,36;254,46
4338,85;218,17
3043,88;165,73
3534,24;193,13
1497,51;98,9
3190,78;183,3
2332,68;124,21
2461,88;153,38
3813,11;201,07
1481,4;91,73
1658,39;113,22
4630,74;241,91
375,5;30,23
2479,61;152,86
4572,72;235,77
3090,78;168,77
2777,39;167,21
1323,75;117
1782,05;118,18
4275,04;240,84
2840,17;169,97
2622,24;135,01
587,94;51,13
178,54;28,48
4822,06;265,93
1947,23;119,11
3055,74;178,48
490,6;39,86
3447,26;193,24
4669,58;235,06
2920,76;161,24
717,97;76,76
2950,44;172,3
3855,1;212,44
2091,44;153,01
4411,2;220,15
3278,55;167,29
4506,32;271,01
3155,18;178,45
743,31;53,53
1617,49;82,89
1088,8;81,16
4553,25;255,83
3825,96;194,88
3414,35;188,61
1574,73;93,7
1001,82;73,93
3806,61;193,54
2423,37;159,95
1206,37;94,06
3121,45;170,62
297,64;31,64
1698,23;102,87
2395,93;128,12
825;54,6
4924,81;262,19
1124,58;100,42
738,73;71,14
1097,32;88,89
3868,4;218,97
2184,98;112,49
2870,54;162,9
202,94;44,7
268,71;14,56
2284,55;143,78
4101,61;259,92
4437,67;257,81
524,86;67,45
2737,98;160,17
4574,83;263,26
2001,07;109,29
4164,87;240,18
755,11;67,57
4683,43;258,52
3781,97;228,84
4712,54;247,55
3415,42;187,97
1880,68;115,47
4697,09;239,41
1450,28;95,92
1727,65;80,6
3533,96;212,4
3850,05;213,2
4654,08;244,89
1103,53;62,66
4010,19;216,99
3718,88;216,27
412,59;48,85
1997,39;109,29
1485,55;81,59
1592;109,45
4916,44;254,99
3249,61;183,38
3616,61;202,69
4885,43;268,95
1948,29;130,29
4029,02;202,51
2229,2;102,79
4360,71;229,52
985,22;96,28
4743,66;287,52
1171,98;106,07
1698,48;102,03
3805,34;183,54
2029,4;86,32
3080,24;164,8
2278,41;130,95
3737,61;226,39
1218,82;93,96
386,44;42,73
1569,65;85,14
2424,11;126,79
923,3;69,98
1838,51;122,38
2059,92;128,87
381,22;23,54
2958,21;177,67
4433,28;248,05
843,54;46,12
3029,26;159,7
3357,22;198,19
2154,74;124,22
3535,38;220,61
2112,58;133,15
2572,72;141,34
136,03;26,65
3489,43;195,42
3340,58;176,1
288,16;20,72
1904,43;125,74
4897,26;277,54
2161,61;137,14
2559,53;170,71
4558,66;239,81
3614,58;225,84
2952,14;154,09
4009,24;205,27
4335,39;210,37
2338,75;130,25
2428,03;133,85
1991,65;127,47
4836,86;265,5
3516,11;177,91
507,79;39,5
4328,5;230,85
2454,74;116,1
436,89;27,13
2793,61;148,12
2144,1;148,71
4400,97;242,92
1099,57;84,91
4149,68;205
2832,67;179,55
367,59;57,9
4862,04;233,13
2611,81;140,01
1525,3;103,7
2400,09;149,67
4303,5;225
1594,03;95,12
1044,11;63,25
732,45;58,28
1559,51;115,93
3922,24;204,55
2410,97;155,56
1214,66;69,01
914,31;53
1730,37;118,8
4705,63;269,11
1780,83;121,81
4941,81;247,35
2477,63;136,89
977,9;81,24
4466,59;243,95
2355,74;121,68
3577,39;205,74
4920,19;255,29
345,86;64,21
573,8;71,86
3630,24;210,57
1480,94;114,46
1003,08;71,13
292,87;46,13
207,05;52,52
3894,98;218,43
758,72;54,11
2391,83;114,02
3068,89;172,2
2198,92;142,3
232,82;45,83
3939,16;224,52
151,51;19,46
3833,26;182,01
4477,19;236,43
2220,92;126,48
2724,16;151,51
2437,22;151,14
2007,12;150,14
4448,38;244,27
4480,27;240,76
1745,5;103,39
3113,84;177,56
4641,85;239,67
4814,09;262,51
2593,9;156,46
2318,84;139,09
1465,6;100,14
4798,47;266,43
799,79;33,41
2941,16;176,61
1484,5;84,16
1467,14;76,92
2084,35;107,65
4994,09;276,21
369,33;35,13
2934,85;141,51
504,6;52,4
857,15;41,26
2253,86;134,79
2601,25;153,64
1368,08;101,69
1650,64;129,26
526,14;25,84
1585,78;98,5
4836,14;257,66
4729,07;262,96
1740,9;110,28
2897,18;159,57
4557,02;241,24
130,3;9,77
4072,35;238,44
4747,01;264,24
547,5;61,14
891,09;59,9
4807,66;250,53
2733,95;140,52
169,56;33,86
1362,4;72,52
2304,72;162,97
3495,25;175,15
3692,49;208,73
4977,57;292,38
1508,8;104,43
2737,28;159,5
2713,29;141,14
2087,66;103,66
928,89;78
4889,54;287,07
4281,25;227,48
2541,83;130,01
3055,9;135,92
1213,58;65,97
2764,56;156,52
3505,35;219,25
2624,32;161,31
4952,4;272,2
3095,57;168,78
1917,77;107,14
3883,54;235,26
935,27;69,77
1984,13;87,67
1800,1;99,9
2215,85;117,92
3930,72;208,34
2472,45;152,07
3990,67;217,92
2924,8;165,09
1776,14;128,51
4068,9;213
1267,62;111,34
1199,48;69,9
2572,06;149,94
1378,16;84,69
144,53;29,08
3276,66;190,5
2604,36;156,73
2283,04;122,86
4838,15;245,06
2898,88;202,49
4330,81;229,28
783,31;69,65
2889,11;140,34
4353,1;233,46
2957,22;165,95
3618,27;208,01
1923,01;75,31
553;50,14
2343,71;119,94
2032,95;126,51
4348,59;221,88
1295,58;71,95
4837;257,75
4794,88;243,96
1313,4;78,54
1805,45;92,37
4488,22;216,91
4836,45;277,09
2272,85;114,2
1672,89;100,96
2677,86;165,19
3470,07;184,28
1440,03;79,62
3708,72;208,83
353,12;54,43
341,54;19,54
1992,81;117,39
1832,02;85,61
1646,6;96,43
2506;145,81
1671,59;90,76
1042,06;65,25
1616,4;79,7
4877,03;265,01
2114,46;141,56
2279,09;117,5
2925,07;156,91
4918,37;273,46
1283,85;102,37
3438,28;169,52
3608,32;197,88
3075,89;178,04
534,03;45,17
3416,67;153,68
414,06;48,22
3021,1;193,84
3723,95;207,95
1133,75;61,22
4223,95;223,5
248,73;58,99
4234,68;245,38
2355,61;147,38
1166,18;83,66
755,51;47,86
4771,21;255,55
456,06;41,63
1075,56;82,02
1804,33;132,85
3139,15;193,73
2769,53;137,19
715,65;59,14
1519,67;107,03
1269,88;92,78
1146,36;67,88
2114,61;169,44
3549,75;178,33
1165,52;62,03
1896,73;118,34
2015,5;152,53
4884,64;251,69
4777,87;254,91
4020,67;237,19
1284,13;83,94
433,38;36,65
1652,83;111,13
1407,29;94,45
2579,04;164,41
3910,87;234,92
4305,78;239,89
4239,83;236,37
1862,41;116,33
3467,45;200,71
1632,89;102,47
398,44;39,91
3537,67;214,83
148,16;50,15
2104,99;102,64
1713,96;105,85
3497,55;184,55
3854,6;208,07
1590,06;105,54
4076,97;233,89
1540,19;95,33
2287;105,65
3662,39;188,64
3495,31;208,21
4938,11;225,8
1203,29;97,98
3345,36;195,09
3087,44;194,11
4583,98;246,22
866,17;32,39
3783,81;215,65
2884,52;183,35
1445,86;106,16
2424,73;131,3
1735,51;108,08
2938,64;158,94
4456,1;230,52
2889,59;178,81
3195,44;161,81
2641,86;138,69
350,71;20,98
1241,01;59,7
2510,81;147,74
1620,15;118,43
990,64;66,76
2570,25;125,93
1681,77;116,69
1364,73;113,52
2373,53;128,98
753,09;50,48
4645,95;260,03
4351,74;261,92
3567,34;190,57
620,45;31,04
3901,8;224,56
4058,99;234,94
3862,05;213,19
658,43;44,55
3255,15;197,67
4188,19;237,33
2929,03;154,93
3267,4;184,11
2345,98;117,02
2690,67;164,82
268,45;29,49
3230,92;175,01
499,09;44,46
2231,57;132,18
1534,01;110,12
2772,6;167,5
753,74;55,34
3489,05;205,91
3995,56;225,79
900,44;58,62
611,13;48,69
813,03;58,43
4397,93;247,48
2688,13;148,9
2389,58;133,62
622,89;80,68
3282,82;198,24
4353,2;226,25
4158,11;236,47
3167,67;180,16
468,87;49,32
650,75;54,6
341,61;54,93
1361,65;93,27
764,74;57,31
1374,24;104,34
1986,78;122,84
4720,62;257,85
3090,84;179,25
4191,37;228,16
3580,72;199,17
651,27;43,76
3706,01;194,03
1447,98;77,42
3231,63;160,7
1770,71;95,34
4988,59;266,82
1391,4;91,12
1467,74;89,32
4660,29;217,68
220,76;54,66
3513,78;211,99
3654,1;209,39
4198,26;258,53
4874,75;249,08
4880,45;292,34
419,86;26,51
4127,01;229,93
3266,92;164,24
3271,98;183,82
728,91;62,24
3285,92;181,98
4914,16;276,42
4567,91;249,88
2251,74;124,75
295,75;26,29
1875,24;125,93
4149,31;217,66
3537,35;210,6
2350,78;155,88
370;13,47
2191,78;146,58
2398,22;170,82
4649,92;256,28
3241,32;191,05
1627,1;116,91
2674,06;149,57
423,67;43,92
4865,58;243,57
1864,29;115,29
2441,55;149,55
1840,89;119,79
3444,31;208,2
3344,94;175,62
3605,08;192,26
1413,9;119,13
1646,78;100,08
713,73;58,69
3312;184,59
295,01;22,43
3028,64;195,79
4361,51;230,16
4465,08;226,34
2300,29;128,25
2350,59;107,5
477,15;34,09
3386,75;174,82
4124,17;235,47
1298,81;74,84
2164,37;141,54
4210,31;251,49
4397,89;251,61
1291,58;81,35
2797,8;162,01
1043,22;49,29
599,21;47,95
4564,49;235,32
4120,49;236,44
3824,17;249,8
338,95;44,45
4234,27;201,85
2246,42;126,9
1777,74;110,72
2777,73;160,2
547,63;36,42
3807,57;214,06
2953,93;149,06
1014,29;56,54
1022,34;80,8
1002,82;54,91
379,31;47,04
2980,21;148,47
4217,71;257,36
185,74;17,67
340,12;33,65
2906,57;170,29
4115,53;217,3
1701,02;107,2
1813,11;119,29
3022,1;185,51
1443,64;104,05
230,38;28,94
3702,62;202,93
3165,68;213,52
2945,7;181,53
3734,25;192,89
3408,63;191,93
1108,82;70,41
1827,16;109,33
717,94;37,45
736,3;50,64
3413,36;217,84
4307,14;244,04
4817,39;223,5
3178,9;197,2
1002,1;86,45
617,69;45,5
4082,97;234,91
2935,91;153,9
3129,6;169,43
3929,16;238,94
3546,06;193,23
4188,85;201,4
375,45;37,82
3762,85;206,96
4269,18;251,43
1502,06;95,32
3238,19;175,59
1639,39;117,65
4794,06;261,51
263,78;21,94
2940,98;184,37
915,87;68,7
3589,88;199,54
961,86;70,76
1253,38;66,61
2522,42;138,21
4582,69;249,19
1137,4;73,95
806,78;79,43
3818,99;214,21
2553,04;160,48
4567,75;248,53
818,41;76,76
3265,05;189,22
1241,11;82,26
868,13;63,21
3448,8;178,12
3009,05;178,06
3798,65;209,33
1616,37;93,29
2295,06;151,35
2086,81;105,59
4922,04;259,76
1532,02;112,02
1544,6;101,96
1837,29;111,15
2866,51;167,09
1336,38;89,51
4584,92;226,5
1401,86;84,85
4489,5;268,72
607,03;40,46
3317,16;181,08
4544,23;239,09
926,87;65,04
4844,8;253,49
2319,13;143,26
4734;259,66
3416,42;202,42
1577,78;83,12
1022,68;66,03
1588,3;96,03
555,79;54,62
804,95;48,35
612,84;64,38
2172,42;146,42
3998,33;205,08
792,78;52,28
738,57;48,95
3252,8;222,13
1066,2;66,86
578,29;74,08
917,56;46,88
4626,28;236,47
4125,21;215,96
1834,92;99,06
3313,52;181,66
2732,65;146
3417,91;178,61
3445,09;209,63
3180,8;197,4
1403,9;104,43
291,13;42,42
2332,28;138,01
4465,77;235,83
2890,54;150,23
4178,72;234,38
4958,96;250,34
901,72;50,18
3489,71;211,78
3404,04;218,71
4901,78;270,99
4929,44;283,07
3464,73;189,55
1293,71;64,62
4012,92;229,83
624,44;59,76
3925,43;217,35
4559,96;244,36
1975,88;133,23
3190,11;164,72
2207,7;118,78
2245,05;117,13
1620,82;102,32
3834,44;195,4
4687,27;244,1
4709,68;244,9
956,43;63,91
4386,24;217
3713,41;206,98
1338,9;105,65
429,69;43,52
1413,19;113,78
4569,82;268,5
3202,58;191,79
3633,17;202,78
1360,05;88,34
3625;212,71
237,8;26,01
1939,07;88,72
3171,09;185,93
815,87;43,83
4132,72;212,2
1251,65;82,59
3296,18;183,38
2085,47;103,09
3020,61;173,51
626,51;65,82
182,87;12,22
4556,87;266,93
1421,19;67,66
4116,42;257,58
4996,82;263,67
1136,01;78,98
1399,34;61,59
3348,01;186,47
4830,7;264,96
4587,49;248,08
2564,09;139,76
3996,04;205,6
765,15;75,22
4889,45;264,93
4825,33;284,38
902,27;57,22
1567,17;91,84
590,76;61,77
1431,42;67,23
4098,18;206,71
1953,75;134,15
533,15;29,08
1776,91;81,56
4908,78;293,47
3185,45;158,37
2139,19;129,72
916,04;66,84
4932,27;224,45
4122,16;222,1
1479,24;100,69
443,34;47,48
377,47;52,43
689,85;48,68
2945,77;177,98
4650,94;242,21
2534,04;125,55
4230,43;212,06
2284,84;112,31
3572,06;213,75
3686,18;181,59
952,42;71,73
1869,96;109,51
3222,78;179,6
446,41;62,77
1871,55;107
2720,52;165,2
4981,5;269,64
2425,21;138,98
4098,68;259,43
2217,13;109,24
4002,31;239,45
3017,53;180,72
4444,32;235,02
2113,62;150,12
3061,09;145,33
3187,09;171,53
2145,18;109,13
807,13;66,54
558,44;31,23
181,69;35,58
4380,32;236,22
1258,73;75,75
1136,38;82,65
3706,57;201,3
1668,08;87,07
2579,62;191
896,3;57,51
4802,75;226,87
4272,75;221,01
4332,57;217,62
2093,19;137,05
3835,57;216,6
804,99;66,23
142,23;21,56
197,87;25,7
2974,35;163,15
2331,44;135,35
2638,28;164,44
136,57;31,87
2171,16;136,06
3618,53;208,42
2269,2;146,73
3687,87;208,72
1241,79;87,47
4084,4;242,05
2983,31;159,19
1132,74;63,8
1259,93;65,21
3177,35;181,61
4166,7;200,53
2136,58;133,76
1365,67;86,65
4348,36;254,44
3379,41;178,89
2295,62;131,73
2490,71;161,37
1100,86;95,79
3171,33;168,36
1857,84;115,62
4978,66;273,35
2452,9;148,25
2480,84;140,1
2872,67;182,85
4592,1;221,26
4024,01;214,88
2310,54;142,25
3621,63;207,94
2972,55;188,92
2512,6;163,6
1042,35;67,83
2373,29;158,16
1304,51;74,51
4582,73;263,1
1743,49;134,33
4766,09;276,53
2711,97;157,19
3194,57;174,75
2760,41;135,09
733,97;61,36
1941,52;100,35
585,82;37,39
3152,47;159,76
2289,68;127,58
3912,13;215,19
1180,31;83,12
906,37;56,31
2091,03;140,59
4640,27;248,89
3581,07;187,24
2152,73;131,03
2634,63;181,18
512,64;50,66
4924,42;260,78
3365,4;165,36
1498,48;91,63
2970,46;172,05
636,46;46,01
4832,6;236,65
956,45;55,06
3275,35;205,59
1302,73;106,65
3616,05;187,5
3906,42;225,41
3399,76;172,31
3111,05;196,62
4473,1;247,33
485,27;58,51
1721,48;80,35
1316,61;95,99
4941,27;266,95
2008,01;133,18
3689,8;218,21
3455,15;193,74
1139,2;67,95
1271,09;95,25
1478,29;93,01
2114,52;112,63
1248,19;68,61
196,29;7,66
4409,03;232,8
4831,49;278,11
1773,69;111,35
1758,68;99,99
134,75;38,81
3433,23;179,17
4144,66;228,66
818,38;58,22
882,37;75,81
3971,41;194,91
3119,82;163,24
319,82;11,42
3150,48;173,63
1613,7;118,86
1906,75;107,76
3871,68;205,92
4073,58;236,75
2061,75;139,12
4741,05;255,72
2091,67;134,85
3882;197,95
2471;164,22
4497,91;277,13
4548,03;255,22
528,34;15,15
4688,82;246,07
4145,12;236,45
3977,42;212,55
1084,47;93,31
4045,08;231,08
4265,65;222,69
1516,84;96,33
4766,07;244,9
344,31;34,48
834,56;53,41
2734,15;174,33
2921,38;197,81
3261,24;161,59
183,15;0,31
4805,8;256,61
318,48;13,15
801;60,74
168,67;39,67
2877,61;186,29
4668,11;256,43
3363,14;185,26
4131,02;196,88
165,08;28,65
2755,87;158,86
2351,86;147,18
2544,94;136,62
453,84;36,17
3453,73;170,52
2565,78;113,92
3849,23;195,83
2477,92;120,34
831,97;66,65
